id,area_sqft,bedrooms,bathrooms,age_years,distance_km,quality,garage_spaces,has_pool,lot_sqft,price
1,2291,5,3,4,35.7,8,1,0,11952,313600
2,2073,4,3,48,2.8,5,0,0,3328,420300
3,1524,3,2,70,2.4,8,2,0,2885,377400
4,1529,3,2,74,22.3,3,2,0,6700,166700
5,2886,5,3,70,5.5,6,2,0,10468,598300
6,1592,3,2,33,3.3,5,2,0,3452,350500
7,1470,3,2,16,38.4,2,0,0,10817,151000
8,2589,4,2,50,6.1,7,1,0,5370,496300
9,1250,2,2,14,16.8,5,2,0,5046,201100
10,2577,4,3,69,10.3,6,2,0,6787,422600
11,2023,3,1,62,26.4,5,1,0,7616,197300
12,450,2,1,55,8.6,4,2,0,2871,99000
13,2611,5,4,6,7.0,6,0,1,8633,533100
14,1927,2,1,40,5.9,6,1,0,6772,360000
15,2373,5,3,7,3.2,6,2,0,5547,592800
16,2533,4,3,21,3.6,4,0,0,6433,508800
17,1503,1,1,11,22.1,7,1,0,8598,225800
18,2086,4,2,34,12.4,7,0,0,5053,346300
19,1339,1,1,19,33.0,8,1,0,8393,175600
20,1219,2,2,44,8.7,4,2,0,4726,210500
21,2203,4,2,74,6.8,6,3,0,6178,402700
22,1907,3,1,29,3.8,8,1,0,3933,437100
23,1642,2,2,17,1.7,7,1,0,4127,434700
24,2513,4,2,49,33.9,7,2,0,13842,291100
25,1728,3,2,50,0.5,5,2,1,4088,458500
26,2370,4,3,0,4.4,6,3,0,5030,576000
27,1299,2,2,66,1.3,6,0,0,4946,290500
28,2226,4,3,71,11.6,4,1,0,5029,316200
29,1278,1,1,5,6.7,4,2,0,2889,263700
30,2086,4,3,19,37.5,6,1,1,10615,261800
31,1920,4,3,55,8.8,6,1,0,4809,369100
32,2019,3,2,61,3.8,5,1,0,5479,367700
33,2150,3,2,73,1.8,3,1,0,5149,405100
34,3193,5,3,76,17.7,3,2,0,11706,363500
35,1961,3,1,81,11.0,7,1,0,5643,307600
36,1415,3,2,16,6.9,10,1,0,3268,330700
37,1678,3,2,82,20.4,4,3,0,8254,181500
38,1136,2,1,71,7.5,7,0,0,5048,184700
39,2377,4,4,9,13.7,6,1,0,6586,357400
40,1238,1,1,65,8.0,6,1,0,4727,226900
41,2071,5,4,33,10.0,6,2,0,6814,348700
42,1406,1,1,43,6.8,6,2,0,3193,222100
43,450,2,1,59,2.7,5,1,0,1476,115800
44,1464,2,1,17,34.5,5,2,0,9652,168400
45,1403,2,1,28,11.1,7,2,0,5181,243200
46,2190,3,2,78,5.5,6,2,0,7192,428200
47,1751,3,2,59,30.9,8,1,0,10030,214200
48,2036,4,3,40,2.4,6,2,1,4147,511800
49,1649,2,1,48,17.7,4,2,0,9317,206300
50,1252,1,2,79,23.2,7,0,1,8485,183600
51,771,1,1,79,3.4,7,2,0,2207,179400
52,1217,2,2,39,19.7,6,2,0,6980,175900
53,1660,3,3,9,5.1,5,1,0,5270,395400
54,1020,2,1,15,20.0,8,1,0,5083,166200
55,1508,2,2,7,1.8,4,1,0,2868,339000
56,3671,6,4,55,27.5,7,1,1,14337,430200
57,2402,4,3,14,0.6,9,2,0,7566,674400
58,2373,4,3,54,29.8,3,3,0,12576,248100
59,613,2,2,79,1.4,6,2,0,1540,196400
60,2612,5,3,24,4.3,7,2,0,6268,592400
61,890,1,1,48,15.5,6,1,0,5323,134400
62,1563,2,2,10,29.0,8,2,0,10197,225300
63,1683,2,1,30,21.3,7,0,0,6201,195500
64,1495,3,2,50,17.2,6,2,0,8259,200800
65,2249,4,3,19,4.9,7,0,0,6029,521000
66,2682,4,3,18,24.3,8,1,1,10251,405000
67,783,1,1,75,1.2,5,1,0,2235,175800
68,2191,4,2,33,16.6,5,2,1,6027,316200
69,2583,4,3,57,18.6,7,2,0,12226,341500
70,1583,3,2,84,1.0,4,1,0,5194,358500
71,2061,3,2,60,27.5,7,0,0,11846,225900
72,1110,3,3,44,1.5,4,2,0,2472,296400
73,2732,4,3,73,4.0,8,2,0,7039,605800
74,2358,5,4,80,30.3,7,2,0,11300,303000
75,1149,1,1,20,9.8,3,2,0,4058,213800
76,3233,5,3,17,4.2,7,2,1,12570,789500
77,1538,2,1,30,37.3,9,1,0,11909,190300
78,1435,1,1,56,0.6,5,1,0,2681,286000
79,1769,3,2,18,24.1,5,2,0,7868,220300
80,1028,3,3,6,17.3,4,1,0,6412,202900
81,2106,3,3,69,1.4,7,1,0,6256,491700
82,1395,3,3,46,2.6,5,0,0,3729,318100
83,583,1,1,58,33.8,7,0,0,7371,85100
84,1453,3,2,64,26.6,6,2,0,7803,185300
85,1280,1,1,13,11.1,7,2,0,4289,229500
86,2286,4,2,70,3.8,6,0,0,6500,423200
87,1343,1,1,32,28.5,6,0,1,8694,162800
88,903,1,1,69,5.1,4,2,0,3938,198900
89,1625,2,1,46,23.3,6,1,0,7918,203400
90,1703,2,1,55,32.9,7,2,1,8440,216000
91,1171,2,1,41,32.7,9,1,0,10301,157300
92,1520,2,1,26,2.9,6,1,0,3074,330200
93,1389,3,2,39,20.4,6,0,0,8679,187700
94,1259,2,2,53,8.2,6,1,0,5879,223900
95,1398,2,1,15,1.0,1,2,0,4733,311700
96,475,1,1,34,0.6,4,2,1,1235,191800
97,1284,2,1,80,21.8,8,2,0,6754,174100
98,2275,3,2,64,18.0,5,1,0,11886,273200
99,1819,2,2,27,19.3,9,0,0,10130,274200
100,2357,4,3,57,37.5,5,2,0,15346,267200
101,2482,3,2,60,26.8,7,1,0,11938,282100
102,1946,3,2,78,30.6,3,2,0,10327,167600
103,1559,3,3,63,13.9,5,2,0,7870,251100
104,2648,4,3,45,18.5,6,1,1,7900,319300
105,1868,4,3,1,24.0,4,1,0,10160,273100
106,3261,6,4,15,25.8,5,2,0,10118,396000
107,1684,3,2,31,27.6,10,2,0,10513,251100
108,2095,4,2,15,2.8,5,2,0,6010,462100
109,1998,3,2,58,18.2,4,2,0,10495,240200
110,1239,3,2,7,35.7,5,2,0,9966,168100
111,2518,4,2,61,1.8,4,2,0,9888,517800
112,1860,3,2,66,9.7,5,3,0,5229,303100
113,2432,4,3,70,5.9,6,2,0,5257,451800
114,2694,5,3,22,0.6,7,0,0,4848,704000
115,697,1,1,80,23.7,6,1,0,5196,87600
116,1472,3,3,54,1.4,8,0,1,2253,404100
117,1491,2,1,13,7.7,4,2,0,4142,289700
118,1918,3,1,57,4.1,7,1,0,5920,423000
119,2809,4,3,68,27.1,6,0,0,9800,321500
120,1123,1,1,77,2.4,8,2,0,4260,279600
121,556,1,1,83,23.3,5,2,0,5086,77000
122,1376,2,1,80,1.7,7,2,0,4423,313700
123,2394,4,3,54,16.2,5,2,0,12004,315600
124,1977,4,3,54,18.7,9,0,0,7412,311300
125,1799,3,2,71,30.2,8,2,0,8093,247100
126,2024,3,3,41,15.6,4,2,0,9743,288600
127,1814,3,2,34,1.1,6,2,0,4713,455000
128,1410,3,3,38,13.7,7,2,0,6776,242200
129,2726,4,3,73,4.9,4,2,0,4489,493100
130,2226,3,2,52,36.8,7,2,0,10545,237100
131,1556,2,1,27,22.6,10,1,0,6317,223200
132,1439,3,1,16,7.1,6,3,1,4261,301900
133,1506,3,2,27,7.6,5,2,0,5626,294300
134,722,2,2,39,7.7,7,1,0,2596,181600
135,2724,3,2,3,1.5,5,2,1,5273,687800
136,1412,1,1,29,7.2,6,3,0,6452,264600
137,2270,5,4,32,3.5,9,2,0,5843,629400
138,1854,2,2,37,14.0,3,1,0,9080,233900
139,2384,3,2,12,1.5,8,2,0,3510,601500
140,4010,6,4,31,10.9,9,1,0,17001,658900
141,1486,2,1,12,26.4,8,2,0,8080,228900
142,1299,2,1,80,24.0,6,0,0,7320,136800
143,1984,4,2,15,18.8,10,2,0,10399,334400
144,2734,6,4,60,21.4,5,1,0,11161,312600
145,1836,3,2,47,8.6,4,1,0,4007,280400
146,2200,4,3,59,13.4,7,1,0,8899,323800
147,1166,2,2,9,19.9,5,0,0,6058,176300
148,1107,2,2,85,7.6,4,1,0,5012,196500
149,2255,5,2,65,22.5,5,0,0,11564,266500
150,1386,3,2,7,11.6,4,2,0,5804,240100
151,1346,2,2,81,7.8,5,1,0,3408,249000
152,2286,3,2,1,26.1,8,1,0,8039,312700
153,2000,2,1,11,17.2,6,1,1,9904,286900
154,2863,3,1,35,3.6,5,2,0,9462,534200
155,2639,5,4,83,9.8,4,2,0,10604,405400
156,2616,5,3,48,15.2,6,2,1,9047,415000
157,1460,3,2,11,22.7,6,2,0,9517,228000
158,662,2,1,10,26.3,9,1,0,5835,122300
159,1728,3,2,15,0.6,7,2,0,3825,472800
160,1136,1,1,16,16.8,7,0,0,6081,190400
161,2341,4,3,11,30.8,6,2,0,12458,322400
162,1943,3,2,80,13.3,8,2,0,6229,318500
163,1212,2,2,9,20.3,4,1,0,6335,192900
164,750,1,1,15,6.1,5,1,0,3614,179500
165,2154,5,4,22,16.3,8,1,1,9578,428200
166,781,1,1,9,0.6,6,1,0,1247,230400
167,1706,3,2,76,9.0,8,1,0,7890,310100
168,1430,2,1,61,9.9,5,0,0,5789,213100
169,2283,4,3,5,22.8,4,3,0,8816,302600
170,2191,3,3,72,28.8,8,2,0,12026,300600
171,1558,2,1,80,17.8,6,0,0,8434,190400
172,1153,2,2,79,37.9,8,3,0,8638,169400
173,1803,3,2,2,25.4,5,1,0,9348,213200
174,2266,4,3,73,3.1,8,2,0,6176,545600
175,2662,4,3,50,4.1,7,1,0,9595,551500
176,1331,2,2,30,35.7,7,1,0,10347,174400
177,1290,2,1,38,5.9,5,2,0,5386,253100
178,2660,4,2,15,3.3,5,2,0,9985,533800
179,2716,4,3,38,29.3,8,3,1,15570,380200
180,1480,1,1,4,27.0,4,1,0,8345,190000
181,859,1,1,6,10.1,7,0,0,4019,174000
182,2115,3,2,84,12.0,6,2,0,9551,318300
183,2698,4,2,11,11.0,4,0,1,9344,418400
184,475,2,3,71,28.9,6,2,1,6957,117100
185,2151,3,2,3,26.0,6,1,0,11899,282900
186,450,1,1,14,22.5,5,2,0,5337,87300
187,2133,3,2,64,28.7,7,2,0,10440,248100
188,2349,3,2,15,2.8,5,1,0,5050,479500
189,650,2,2,31,12.0,6,1,0,3963,137900
190,1649,2,1,35,2.0,6,1,0,5994,363500
191,1168,2,1,79,14.5,6,2,0,6266,168600
192,942,2,1,58,31.3,7,1,0,8499,117300
193,1610,2,1,77,26.8,6,1,0,9987,164200
194,1677,2,1,41,0.5,7,2,0,5853,428800
195,1907,3,2,10,7.0,7,2,0,4137,377100
196,2550,4,3,42,1.8,7,2,0,5888,655400
197,2168,3,2,25,11.2,7,0,0,5784,332900
198,928,1,1,39,11.9,8,2,1,4940,209700
199,2021,2,2,1,8.9,4,1,0,4453,323800
200,1573,2,2,8,32.8,8,2,0,9366,209400
201,1706,3,2,38,15.0,6,2,1,8645,289000
202,1352,2,1,63,3.3,7,2,0,5503,325700
203,1593,3,2,17,34.6,6,0,0,9523,177700
204,1941,3,2,37,11.4,7,1,0,6607,304800
205,1162,2,2,32,22.2,5,0,0,5577,137100
206,1033,1,1,80,3.2,6,2,0,2848,236100
207,1943,3,1,57,5.4,3,2,0,5251,307800
208,899,2,2,70,1.7,7,1,0,2562,253600
209,3399,5,3,71,6.3,9,3,0,11460,749300
210,1657,3,1,36,16.0,6,1,0,9131,221600
211,2002,3,2,83,34.2,5,3,1,13172,215600
212,2571,4,3,21,16.3,5,1,0,11167,361600
213,2393,3,2,13,22.7,8,0,0,9554,343600
214,1351,2,2,38,2.7,5,2,0,4679,335900
215,1991,2,2,56,5.8,5,2,0,7601,348600
216,2137,3,3,57,10.9,7,1,0,6638,364600
217,1530,2,2,76,25.5,9,2,0,9712,233700
218,1111,1,1,50,11.3,7,2,0,3908,169500
219,1622,3,3,10,6.4,6,1,1,3858,381300
220,2468,3,1,24,36.8,6,2,0,10860,281900
221,1839,2,1,11,25.5,6,2,0,8463,241700
222,450,1,1,79,15.5,8,0,0,3477,80800
223,2205,5,3,11,22.6,4,2,1,11341,309300
224,2328,4,3,74,23.0,6,1,0,7774,270600
225,3545,6,4,47,5.6,6,2,0,7551,657600
226,2583,3,2,78,32.5,7,1,0,12142,251600
227,2511,4,2,44,25.9,2,2,0,11600,276000
228,1486,2,2,29,12.8,9,0,0,5044,252600
229,2522,4,3,50,20.3,8,1,0,12399,357500
230,1485,2,1,48,23.1,4,0,0,6740,147700
231,1655,2,1,19,6.0,6,2,0,7329,342200
232,874,2,1,18,31.2,7,3,0,6940,141900
233,1389,2,2,60,7.1,5,1,1,5803,275400
234,1042,2,1,16,1.9,4,1,0,1786,275000
235,2152,3,1,63,20.5,6,3,0,6959,249200
236,931,2,1,31,34.9,9,0,0,8587,118500
237,1454,2,2,43,8.4,6,2,0,6735,288200
238,2440,3,2,61,1.6,4,2,0,6833,493400
239,1812,2,1,43,24.3,7,1,1,8604,231100
240,1135,2,2,74,0.7,4,2,0,1927,277700
241,3430,5,3,81,3.7,5,3,0,11898,660600
242,1521,3,2,10,9.7,6,1,0,4290,298500
243,992,1,1,81,31.8,5,1,0,9461,108500
244,2667,5,2,6,32.4,8,2,0,12586,376400
245,2066,4,2,38,10.1,6,2,0,4709,318400
246,2131,4,3,39,0.8,5,2,0,3364,487400
247,878,1,1,8,30.4,9,1,0,8286,155100
248,2122,3,2,66,16.3,6,3,0,10687,323500
249,1676,2,1,25,14.1,6,0,0,8315,258900
250,1573,3,2,12,23.1,5,3,0,7983,214500
251,2862,5,3,65,1.9,7,2,0,4636,614600
252,2456,4,3,30,31.2,5,3,0,8978,304400
253,2243,5,4,6,37.0,9,2,0,12588,312900
254,2219,4,3,9,21.3,7,2,0,11846,349800
255,1807,3,3,61,2.4,4,1,0,2838,337700
256,2212,3,2,47,23.6,7,1,0,8867,294200
257,2436,4,4,34,13.2,4,1,0,6739,362600
258,2061,5,4,57,4.3,6,2,1,5725,516500
259,930,2,2,42,7.2,3,1,0,4193,176000
260,843,2,2,16,8.5,6,3,0,2829,225100
261,1890,3,3,50,9.7,4,2,0,4601,313600
262,2585,4,3,78,15.9,6,2,1,12093,409500
263,1384,2,1,0,31.2,6,1,0,8971,190400
264,2441,4,4,60,11.8,7,0,0,10568,393000
265,1776,2,2,74,8.3,7,1,1,3946,374700
266,1236,2,1,5,18.1,9,2,0,6930,202400
267,2881,5,3,2,29.7,10,2,0,9652,413500
268,1040,1,1,6,17.6,7,3,1,4972,206500
269,1990,3,1,22,2.2,7,1,0,4741,452900
270,2918,4,3,36,6.9,7,2,0,5372,540300
271,2408,4,2,18,18.6,7,2,0,7507,349800
272,1838,3,2,80,20.9,5,2,0,6848,243600
273,2189,3,1,31,0.8,6,1,0,5522,483300
274,1827,3,3,15,35.4,6,2,0,11871,253900
275,2600,3,2,41,12.9,5,2,0,11297,319600
276,930,2,1,61,33.8,7,2,0,7310,121900
277,1628,2,1,30,25.5,7,3,0,8787,223300
278,1557,2,2,11,10.9,5,2,0,4690,260700
279,1367,3,3,18,6.0,7,1,0,4265,320200
280,2174,3,2,13,12.6,2,1,0,5760,289600
281,2115,3,1,23,21.4,6,1,1,11696,282600
282,1704,3,2,69,14.8,8,0,0,7033,263700
283,2699,4,3,71,1.6,8,1,0,4192,691000
284,2068,3,2,19,1.7,6,1,0,4445,464200
285,1928,4,3,78,22.1,4,2,0,7312,240600
286,1861,3,3,82,5.1,6,1,0,5485,377200
287,1144,1,1,4,33.6,7,1,0,8391,150600
288,3079,4,3,42,21.9,4,1,0,10549,352100
289,1416,1,1,72,27.0,6,0,0,7648,157400
290,1490,2,1,2,29.4,3,3,0,7346,193800
291,1720,3,3,67,27.2,6,0,0,7769,212600
292,2109,2,2,72,18.0,4,1,0,10439,243100
293,2049,3,1,34,10.8,6,2,0,5610,324300
294,2136,3,2,78,11.5,8,1,1,8859,364100
295,2452,4,3,21,2.5,6,1,0,8387,535300
296,1777,3,2,11,1.3,5,1,0,4194,434600
297,1566,3,2,6,32.0,5,3,0,8134,214500
298,3121,5,4,78,30.0,9,1,0,12059,362100
299,2755,5,4,47,0.5,7,3,0,8791,705700
300,2711,4,3,24,5.6,6,1,0,7460,480300
301,1765,3,3,51,4.7,7,1,0,5197,401500
302,1912,3,2,67,35.1,4,2,0,13564,199100
303,2001,4,3,67,36.0,4,0,0,11837,208500
304,1962,3,3,23,1.8,5,0,0,4989,465100
305,1262,2,1,68,9.6,6,1,0,6354,183200
306,1909,2,2,44,30.4,7,2,0,8374,249400
307,1416,2,1,51,2.9,6,1,0,5588,284000
308,1173,2,2,3,29.7,6,3,0,9499,182900
309,1728,3,2,51,13.6,10,2,1,7865,379700
310,1391,2,1,65,5.6,6,1,0,4935,261300
311,1558,2,1,60,26.1,3,1,0,7884,160900
312,1519,4,3,21,1.8,7,2,0,5829,503200
313,2455,5,4,23,1.1,4,2,0,6500,583900
314,913,1,1,52,20.7,4,1,0,5886,112500
315,1909,4,2,27,7.8,8,1,0,5252,360800
316,1776,3,2,80,5.8,7,2,0,5654,377600
317,2289,4,3,80,13.1,5,1,1,5559,374200
318,1298,2,1,49,24.1,5,1,0,7668,146600
319,1901,3,2,77,10.7,5,2,0,5375,303600
320,3308,5,3,7,36.5,6,3,1,17540,406900
321,1271,2,1,2,12.6,5,3,0,4426,197000
322,1362,2,1,68,2.5,6,3,0,5453,301400
323,2505,4,3,70,36.6,6,3,0,13442,311300
324,2577,3,1,61,3.0,7,2,0,6368,527400
325,2757,4,3,51,4.6,3,2,0,6504,471400
326,2055,4,3,73,9.2,8,2,0,8589,388600
327,649,1,1,23,0.5,6,3,0,1180,234900
328,1485,2,1,3,11.8,5,2,0,6039,277500
329,2071,3,2,45,15.7,8,2,0,6626,300200
330,1691,2,1,1,2.1,6,2,0,4174,435300
331,1805,3,2,40,34.2,7,2,0,9556,203400
332,2002,4,3,33,0.5,5,3,0,3440,516900
333,2139,4,3,68,5.8,4,2,0,7869,413900
334,2010,3,2,14,14.9,5,2,0,8216,291000
335,1494,3,1,61,7.0,5,1,0,4864,262300
336,1431,2,2,25,11.4,6,0,0,6355,248700
337,1922,3,1,71,36.2,6,2,0,10184,204300
338,1706,2,2,29,30.5,6,1,0,8003,197000
339,3248,5,4,37,11.6,5,1,0,9265,463900
340,2803,5,3,33,6.8,6,2,0,5487,509800
341,1930,2,2,35,0.9,4,0,0,6698,391100
342,2602,3,2,52,35.8,7,1,0,16145,264000
343,1236,1,1,66,33.2,5,1,0,8678,131700
344,1567,2,2,53,11.7,5,0,0,4424,227000
345,1612,2,1,46,3.0,9,2,1,3855,426800
346,1821,2,2,16,17.2,5,0,0,7680,246100
347,1348,2,2,33,35.7,4,2,0,10148,147300
348,1398,3,2,27,10.5,6,2,0,5146,261000
349,2987,5,4,36,0.7,4,2,0,10801,660200
350,1156,2,2,37,13.6,9,2,0,5347,219800
351,3803,6,3,26,11.0,4,1,0,15983,487900
352,1205,2,1,61,24.5,9,1,0,6878,162800
353,2843,6,4,8,1.2,8,1,0,8223,769000
354,1043,2,2,84,29.7,5,1,0,7628,128900
355,3452,6,3,25,1.5,6,1,0,11406,749300
356,2125,3,3,50,1.1,8,2,1,5955,632500
357,1818,3,2,72,8.1,7,1,0,7549,348400
358,2120,4,3,52,0.8,5,1,0,6341,518100
359,1788,4,3,13,13.8,8,1,0,5924,333900
360,1946,2,1,71,13.2,7,3,0,8132,287900
361,2023,3,1,66,28.8,5,2,0,11527,243100
362,1395,1,1,31,1.3,5,1,0,3142,311800
363,450,1,2,49,33.1,5,2,0,6770,80500
364,2822,4,2,69,5.7,6,3,1,5396,514800
365,1331,2,1,7,34.9,7,2,0,9785,202200
366,2369,3,2,59,35.9,4,0,0,12630,222000
367,450,1,1,10,37.3,8,2,0,7674,98200
368,1767,4,3,12,9.2,7,2,0,5582,352800
369,1613,2,1,34,14.2,6,1,0,5951,245400
370,1569,3,2,56,12.8,7,2,1,7700,287100
371,1815,3,2,76,33.8,5,2,0,9074,204900
372,2260,3,2,6,17.9,5,1,1,6579,344900
373,1322,2,2,75,0.5,6,1,0,4478,320300
374,1552,2,2,25,15.6,5,2,0,8687,213000
375,1981,3,2,22,12.7,7,2,0,5789,305800
376,1797,3,2,70,27.3,7,0,0,8257,207700
377,2574,5,3,81,3.9,5,2,1,4080,527900
378,2184,4,2,81,6.6,5,1,1,6163,433700
379,2309,4,3,54,3.1,10,2,1,8029,607700
380,2414,3,3,84,9.4,7,2,0,9203,412000
381,1165,1,1,56,0.9,5,2,0,1811,291200
382,2163,4,2,30,31.6,8,1,0,13748,270700
383,2311,3,2,30,8.6,6,1,0,10218,381500
384,3561,5,3,44,27.5,7,0,0,9602,414700
385,1712,4,2,3,10.4,5,0,0,8239,298000
386,1139,2,1,8,11.8,7,2,1,4754,240100
387,1342,2,1,68,0.7,5,3,0,2354,294600
388,810,2,1,50,18.1,5,0,0,4909,100000
389,1304,3,2,59,28.1,8,2,0,9042,190100
390,2969,5,3,40,14.9,4,0,0,13598,341600
391,1314,2,1,69,1.5,4,0,0,2007,246000
392,2374,5,4,55,38.1,5,0,1,10661,286100
393,1747,3,1,3,34.9,8,3,0,11674,230000
394,1090,1,1,72,37.8,4,2,0,10934,123600
395,1696,3,2,36,32.1,8,1,0,8953,218600
396,2309,4,2,25,27.9,7,0,0,11559,289200
397,3197,5,3,15,30.7,10,0,0,16536,431900
398,1577,3,2,14,1.0,4,3,0,3891,359700
399,2190,4,2,33,16.9,4,0,1,7796,294500
400,1683,2,1,72,25.6,4,2,0,7021,174000
401,1885,2,1,35,1.4,4,2,1,4975,453000
402,2250,4,2,44,36.9,7,2,1,12669,279200
403,1519,2,1,12,31.8,4,2,0,11060,212900
404,1358,2,2,65,7.2,6,2,0,5537,265300
405,2151,3,2,57,26.8,6,1,0,12029,242900
406,1600,3,2,47,37.5,5,2,1,10764,198100
407,1163,1,1,47,18.8,3,2,0,5963,134100
408,3526,6,4,68,13.5,3,2,0,9618,377800
409,2098,4,3,42,3.5,9,2,0,3704,521600
410,2308,4,2,73,7.6,7,2,0,7505,410000
411,1779,2,1,18,13.1,7,1,0,5775,270600
412,1809,4,2,64,1.5,7,2,0,2768,396400
413,2258,4,3,24,18.0,7,2,0,8737,378300
414,716,1,2,5,8.6,7,0,0,2713,170400
415,2332,4,3,63,37.5,6,3,0,11476,269200
416,1517,2,2,55,4.1,5,0,0,4342,296200
417,2075,5,3,5,3.8,4,1,0,4089,452100
418,1979,3,2,4,9.8,4,0,0,6676,343200
419,1237,3,2,13,5.6,5,2,1,2977,317000
420,1264,1,1,19,33.1,8,0,0,8238,161400
421,1238,2,2,65,0.8,8,2,0,3811,317200
422,2849,5,3,28,0.8,5,2,0,4388,745800
423,2127,2,2,56,37.7,6,2,0,9695,234200
424,549,1,1,61,1.9,5,0,0,1309,112200
425,1573,2,2,53,3.9,4,0,0,6550,283300
426,1722,2,2,30,31.5,6,1,0,10860,220800
427,945,1,1,32,7.2,8,1,0,3452,197900
428,1857,2,2,2,26.4,6,0,0,9529,205100
429,3325,5,3,52,13.1,7,2,0,13193,489700
430,3119,5,3,82,3.2,6,2,0,6778,651600
431,2017,3,2,79,29.6,4,2,0,12592,208100
432,1956,3,2,60,3.6,7,3,0,3520,445600
433,1082,2,2,51,12.0,7,3,1,3906,244800
434,2452,3,2,21,14.1,8,1,0,11077,408100
435,2428,4,2,71,2.9,8,1,0,4955,494100
436,1657,2,2,22,11.1,7,2,0,7653,284300
437,1783,4,3,44,6.8,3,1,0,5874,310200
438,2726,5,4,8,4.0,6,1,0,9867,737900
439,2598,4,2,68,1.4,4,1,0,7813,526800
440,1820,2,1,5,30.0,4,0,0,11761,225900
441,1516,3,2,35,33.4,6,2,0,9322,176900
442,1083,2,1,65,5.4,4,1,0,4321,190500
443,1900,3,3,79,24.6,6,2,0,8942,221400
444,1573,2,1,31,21.3,3,2,0,7949,171100
445,1603,3,3,67,0.5,4,2,0,2603,347700
446,1274,1,1,65,9.4,6,2,0,4362,238400
447,1293,2,3,80,19.1,5,3,0,7525,179600
448,1667,2,1,81,1.5,9,2,0,6059,439500
449,927,1,1,40,23.2,3,2,0,6249,110600
450,1956,2,1,34,33.4,5,1,0,10310,194400
451,2750,5,2,52,1.2,7,1,0,10232,678700
452,697,1,1,52,5.5,6,1,0,3335,145900
453,2999,4,3,9,8.4,6,1,0,6174,534600
454,655,1,1,10,3.3,5,0,0,1880,171400
455,2200,4,2,23,7.2,7,2,0,4640,372400
456,878,2,2,50,7.9,6,2,0,4153,180500
457,2891,4,2,9,3.3,6,2,0,9948,643900
458,2854,5,3,75,2.3,6,1,0,5004,589900
459,1098,1,1,9,16.4,8,2,0,6601,198400
460,2214,5,3,55,21.6,9,0,0,10588,343000
461,2263,4,3,59,4.7,7,2,0,7455,470800
462,2311,5,3,43,3.6,6,2,0,6741,539800
463,1452,2,1,23,3.3,6,3,0,4356,341800
464,2432,3,3,76,17.3,4,2,0,12055,269200
465,2063,2,2,51,38.5,7,0,0,13325,238400
466,3579,6,4,25,1.4,8,1,0,6975,940000
467,1395,2,2,63,0.8,6,2,0,2460,360000
468,2025,2,1,52,6.3,4,2,1,4741,339600
469,1447,2,1,51,0.6,5,1,0,4838,313200
470,2634,5,4,1,23.5,4,1,1,12528,353300
471,802,2,1,17,25.4,7,1,0,5858,130100
472,2336,5,3,45,8.3,7,1,0,4867,430500
473,2478,3,2,38,23.8,6,2,0,7875,296000
474,1930,2,1,5,28.8,4,1,0,11152,190600
475,2500,3,2,27,21.3,4,1,1,10113,324200
476,1264,1,1,9,15.6,4,2,1,5351,206700
477,1733,4,2,54,12.5,5,2,0,8218,252400
478,1397,2,2,44,2.6,8,2,0,3471,361500
479,2790,4,3,20,16.8,5,2,0,9150,370200
480,1853,4,3,71,21.8,3,3,0,6916,240700
481,1436,2,1,37,12.8,6,0,0,4393,198200
482,2431,4,2,82,4.4,6,2,0,4095,523100
483,1926,3,2,45,29.9,6,2,0,11445,227100
484,1890,3,2,35,30.1,2,3,1,11184,234200
485,1335,3,3,16,28.5,8,1,0,6914,220000
486,2013,2,2,67,23.9,6,2,0,11367,217500
487,2142,4,2,7,34.1,5,2,0,13585,244500
488,1219,2,2,15,3.1,7,1,0,4018,345200
489,1552,3,1,19,35.2,6,1,0,9278,186600
490,2098,3,2,75,0.6,6,1,0,2893,489400
491,852,1,1,73,22.3,8,1,0,5820,117800
492,2517,4,2,15,1.0,9,2,0,4965,658000
493,2130,4,4,79,23.3,6,1,0,11898,258000
494,857,1,1,55,24.0,6,1,0,6621,116400
495,1440,3,2,48,3.0,6,1,0,4040,324400
496,1831,2,2,38,22.5,6,0,0,10016,195800
497,1144,2,1,79,28.9,5,1,0,8431,128400
498,1926,2,1,67,3.5,5,2,0,3794,382900
499,1999,3,2,5,25.9,7,1,0,9545,312000
500,2486,3,2,65,8.2,6,2,0,9526,421100
501,2137,5,3,6,28.1,4,3,0,11025,263400
502,1255,2,2,41,23.4,6,2,0,6760,165300
503,1478,3,2,40,11.9,5,2,1,6623,284200
504,2227,3,2,79,10.2,7,1,1,6028,422800
505,2195,4,3,57,16.0,5,1,0,6055,317600
506,1868,2,1,31,20.2,7,0,0,8405,260000
507,1930,3,3,70,17.9,5,2,0,6087,286500
508,2581,4,3,14,20.7,6,2,1,12683,370300
509,2480,4,3,12,28.4,7,1,0,12413,322900
510,1785,2,2,13,5.0,5,1,0,6096,421200
511,3168,5,3,0,4.4,7,2,1,9819,769200
512,1330,2,1,32,12.0,5,2,0,6141,207400
513,989,3,2,48,35.6,7,0,1,9924,151300
514,1515,3,3,1,9.9,5,1,0,7393,319800
515,1341,2,2,15,15.1,5,2,0,4521,222800
516,1336,3,2,74,18.3,5,2,1,5484,197600
517,999,1,1,82,22.3,6,3,0,7592,139000
518,2484,4,3,53,1.4,6,2,0,5676,552400
519,3696,6,4,81,7.5,4,1,0,10172,568500
520,2270,4,2,63,15.3,2,0,0,8417,201600
521,1710,3,3,69,8.9,4,1,0,6541,286400
522,2035,4,3,42,6.4,7,1,0,4792,425800
523,974,2,1,47,18.7,5,1,0,6337,139100
524,3092,5,4,47,18.7,4,1,0,7700,323000
525,1356,2,3,24,8.7,4,2,0,5116,277900
526,2019,3,2,8,6.7,8,0,0,8212,450700
527,1178,3,2,12,37.5,8,2,0,10073,171800
528,2453,4,3,37,25.5,5,1,0,12307,311900
529,1605,3,2,60,16.5,5,1,0,6667,203500
530,1173,3,3,59,12.0,8,3,0,4166,229800
531,1241,2,1,8,20.1,5,2,0,7208,191300
532,3370,5,4,40,17.8,7,1,0,7639,508700
533,1153,3,3,57,31.4,7,1,0,8055,171600
534,2654,4,3,25,32.0,7,0,0,14568,285800
535,2348,3,3,40,24.9,7,1,0,7540,283000
536,3321,4,2,44,5.1,9,1,0,7592,694800
537,1962,4,3,3,26.0,6,0,0,8322,281200
538,1561,3,3,81,7.3,7,2,0,3660,317900
539,2140,3,2,75,0.5,5,3,0,7999,517900
540,1787,3,2,75,2.9,7,0,0,7311,440500
541,2505,4,3,52,32.4,4,3,0,12103,279000
542,2588,5,3,20,4.3,7,2,1,6935,648500
543,2834,5,4,9,27.0,6,1,0,15128,352100
544,1127,1,1,76,35.6,3,1,0,10666,108600
545,2515,4,3,14,3.9,7,1,0,5414,528100
546,1756,4,3,51,0.6,8,3,0,3729,505500
547,2284,3,2,69,3.9,6,1,0,6795,466000
548,1137,2,2,72,0.5,5,1,0,3890,259200
549,2044,4,3,61,15.6,5,1,1,5908,309500
550,3605,5,3,62,1.6,6,1,1,8609,833400
551,2159,4,2,59,9.0,7,1,1,8818,430300
552,1902,3,2,63,3.7,6,1,0,4022,405200
553,1693,2,1,60,33.0,6,1,0,9569,185100
554,2262,4,2,69,2.0,6,1,0,6239,498800
555,613,1,1,53,12.1,7,0,0,4058,103700
556,1119,3,2,41,0.6,5,1,0,4272,318300
557,2159,4,3,52,6.0,10,2,0,7489,518600
558,2867,5,4,24,12.3,5,1,0,10832,406100
559,1339,2,2,72,32.3,4,3,1,9336,171800
560,1895,2,1,9,25.2,7,1,0,7630,260900
561,2361,3,3,46,35.6,10,0,0,11867,313300
562,1813,2,1,65,3.3,7,2,0,5190,411500
563,1753,2,2,43,34.4,3,1,0,11868,158200
564,1796,3,2,24,22.2,5,1,0,8018,226100
565,2042,3,2,70,25.2,8,1,0,10554,271700
566,2816,5,3,70,4.3,5,3,1,5694,571200
567,2256,4,2,61,36.8,7,1,0,12807,246300
568,1182,1,1,8,18.2,7,1,0,5953,191100
569,1514,3,2,31,19.8,5,3,1,8615,252600
570,1854,3,2,20,26.1,7,1,0,7364,242200
571,1391,3,1,28,23.9,4,1,0,7136,165400
572,1725,3,4,63,6.2,5,0,0,4616,295000
573,1474,2,1,15,24.4,6,2,0,8741,195800
574,2411,3,3,40,13.8,6,2,1,9880,403200
575,2871,6,4,35,0.8,6,1,0,6420,682300
576,2479,3,2,8,29.2,5,1,0,11255,312200
577,996,2,1,44,26.0,5,3,0,7219,137900
578,2380,4,3,31,5.7,6,2,0,8929,457900
579,2274,3,3,34,13.9,8,3,0,9661,401500
580,1483,3,2,45,24.4,7,1,0,8603,201800
581,1689,2,2,71,1.4,5,0,0,4797,381900
582,1290,2,2,47,27.7,6,2,0,9499,160300
583,2053,3,2,71,4.7,6,1,0,4085,421600
584,2673,4,2,50,5.3,8,2,0,6264,559500
585,2876,5,3,13,25.8,5,2,0,11400,347400
586,1098,2,1,27,15.5,7,0,0,6681,162900
587,1305,2,1,63,0.5,6,1,0,3577,330000
588,2082,3,2,67,2.9,7,1,0,8259,436900
589,1805,2,2,26,1.4,6,2,0,2602,433600
590,1946,4,3,31,14.3,5,2,0,7950,309200
591,1871,2,2,27,31.5,6,3,1,10322,228700
592,2187,4,2,45,0.9,4,1,0,4829,462300
593,1696,2,2,58,7.9,7,1,0,5587,301400
594,2892,6,4,40,10.4,5,1,0,6089,446500
595,2529,4,3,12,29.8,3,1,0,13281,221700
596,2859,6,3,69,7.0,10,1,0,7984,603300
597,1421,2,2,31,26.9,5,2,1,6771,210000
598,1827,4,2,66,0.7,6,2,0,4936,472400
599,1551,2,1,16,4.9,6,1,0,6258,349200
600,2024,4,2,72,8.4,7,1,0,7984,371500
601,2264,4,3,36,8.0,5,1,0,5517,392700
602,2173,3,2,69,19.0,6,0,0,6256,243000
603,1614,3,1,15,17.9,6,0,0,7566,209200
604,1784,2,1,10,3.0,5,2,0,2990,338700
605,970,1,1,41,1.2,6,3,0,2504,265300
606,1849,3,2,64,18.0,7,3,0,8050,296400
607,2241,3,2,79,34.2,6,1,0,11945,224500
608,1657,3,1,1,10.4,8,3,0,5176,321000
609,2573,5,4,52,30.9,7,1,0,9453,313400
610,1939,2,1,65,26.7,3,1,0,7542,175400
611,1187,2,1,24,9.2,7,2,0,6105,222400
612,2214,4,3,78,22.4,8,2,0,9005,330400
613,1537,3,2,85,8.9,7,2,0,5386,319200
614,1998,3,2,12,2.9,5,2,0,5195,422700
615,2406,3,3,38,23.9,5,1,0,13322,266500
616,643,2,2,80,34.2,4,3,0,7189,93100
617,696,2,1,8,37.1,6,3,1,7664,158200
618,2592,4,2,85,12.2,4,1,0,8050,313500
619,1397,2,1,60,34.2,9,2,0,10968,178500
620,2918,5,4,75,13.9,9,2,1,13493,497700
621,1622,3,2,83,8.6,5,1,0,6255,292400
622,2856,5,3,75,2.0,7,2,0,4990,699200
623,1693,2,2,40,10.9,6,2,0,4333,252400
624,1910,4,3,62,29.8,6,2,0,11025,240100
625,2594,5,3,63,1.5,7,1,0,5768,622800
626,1967,4,2,74,2.4,7,2,0,6716,419700
627,2087,4,3,59,30.0,9,2,0,11645,279600
628,1676,4,3,15,25.8,5,0,0,8557,219000
629,2724,4,2,70,12.5,5,1,0,10481,335200
630,2120,3,2,10,28.8,5,1,1,10730,275800
631,1729,2,2,69,37.0,8,1,0,12408,200500
632,450,2,2,50,21.9,10,1,0,4809,99700
633,1604,3,2,15,4.4,4,2,0,4933,367900
634,1611,3,2,13,14.9,5,2,0,8152,275700
635,894,1,1,61,0.6,6,2,0,2069,219900
636,2626,4,3,44,13.7,5,1,0,12394,341400
637,1425,2,2,30,1.4,7,2,0,4901,403700
638,2098,3,2,49,23.5,6,1,1,8957,271300
639,1778,3,1,46,24.5,6,1,0,9766,207700
640,1721,3,2,59,2.5,7,3,0,5498,376200
641,2096,3,3,61,12.7,4,0,1,6734,279600
642,2677,4,2,1,23.5,6,1,0,13392,352600
643,2796,5,3,78,4.8,6,1,0,6731,549800
644,1238,2,2,6,8.2,6,0,0,5744,264000
645,2324,4,3,15,2.8,6,2,0,3935,532800
646,1671,2,2,82,18.3,6,2,0,9009,231800
647,2016,3,2,17,10.3,5,1,0,5590,325600
648,2503,3,1,65,12.2,8,1,0,9801,381900
649,1453,2,2,51,28.7,5,0,0,9838,171800
650,1811,4,3,56,12.8,6,1,0,6345,293000
651,1643,3,2,7,37.0,3,2,0,11662,212900
652,2180,2,1,54,19.0,8,3,0,11342,318200
653,1902,3,2,78,30.6,8,2,0,11682,225500
654,2679,4,3,65,27.8,9,1,0,12811,358600
655,2189,4,2,42,9.9,5,1,0,6033,328100
656,2849,5,4,26,18.0,4,1,0,11865,367900
657,1698,3,2,25,30.2,7,0,0,11352,182200
658,1513,2,1,65,15.7,6,3,0,7107,225900
659,1965,3,3,11,31.9,3,2,1,12709,243100
660,1222,1,1,17,38.1,4,2,0,10377,141500
661,1673,2,1,20,2.2,5,3,0,3665,379400
662,2413,5,2,75,2.8,9,3,0,6110,622400
663,1404,2,2,36,17.3,7,1,0,6377,182200
664,2359,3,3,16,19.3,7,1,0,11449,354100
665,2212,3,2,76,36.1,4,0,0,11548,184700
666,1344,2,2,79,1.1,7,0,0,3182,338600
667,1220,2,1,44,0.6,8,1,0,2207,308900
668,2113,3,3,22,17.4,8,1,0,7065,323100
669,916,1,1,83,3.8,6,2,0,3276,205400
670,1856,3,2,8,17.9,6,1,0,8778,285400
671,1630,2,2,20,15.2,8,2,0,6941,296500
672,1474,2,2,36,7.6,8,2,0,4555,323600
673,1584,3,1,82,4.6,3,2,0,5658,257600
674,1007,1,1,50,7.7,6,1,0,2866,182200
675,3248,5,3,48,7.4,3,1,0,10111,506400
676,1707,4,3,67,0.5,5,3,0,5460,399200
677,2501,5,4,1,36.9,7,0,0,11634,287600
678,2227,4,2,28,0.7,8,1,0,6955,565900
679,2222,3,2,40,14.6,6,2,0,7945,315800
680,779,2,2,44,19.2,7,1,0,6366,134200
681,1130,1,1,65,34.3,8,2,0,10288,153600
682,2635,4,3,54,20.6,5,3,0,9111,334400
683,912,1,1,13,29.9,8,3,0,7853,149500
684,1213,3,2,80,6.0,5,1,0,3883,204800
685,1598,3,2,12,21.1,7,1,1,6914,277000
686,2097,3,2,30,5.2,2,2,0,4942,376100
687,1860,3,1,82,24.1,5,1,0,8238,203500
688,1623,3,2,5,23.0,9,2,0,8838,256600
689,3282,4,3,12,0.7,4,0,0,10703,731700
690,2597,4,3,48,4.7,5,2,1,4984,530500
691,1573,3,2,77,24.0,10,0,0,10005,214500
692,1462,3,2,7,11.2,2,1,0,6817,221700
693,2940,4,3,72,14.8,6,2,0,7991,411000
694,1414,3,2,57,2.7,4,1,0,4149,318400
695,2738,4,3,65,10.3,5,0,0,7772,423600
696,2314,4,3,67,35.8,5,0,0,10912,269400
697,1142,3,1,40,36.5,10,2,0,10213,160500
698,1473,2,1,52,22.7,7,0,0,8254,189500
699,1350,3,2,75,4.8,2,2,0,3695,219900
700,2693,4,3,19,16.8,5,1,0,8784,316000
701,2229,4,3,63,22.4,7,2,1,10804,319000
702,1657,4,3,39,0.6,2,0,0,4887,344600
703,1502,2,2,67,13.9,3,2,0,4885,203100
704,876,1,1,55,6.9,5,2,0,2659,167600
705,2173,4,3,66,8.3,6,2,0,4440,378500
706,1328,2,1,46,0.6,5,1,0,4849,306900
707,1618,3,2,81,33.4,6,2,0,9431,180800
708,1526,2,1,49,7.2,6,2,1,4347,312400
709,2736,5,4,56,29.3,8,2,0,10423,355400
710,1998,2,2,42,4.2,6,2,0,5397,358100
711,1422,2,2,41,13.7,5,2,0,5546,215500
712,1684,3,1,43,27.0,5,1,0,11085,184400
713,1857,4,3,28,9.4,6,2,0,4476,311400
714,2014,3,2,58,12.6,6,0,0,7096,293500
715,1173,2,1,74,14.3,6,2,0,4582,182400
716,878,3,2,7,13.3,8,3,0,5539,225700
717,2143,3,2,23,32.2,6,1,0,9790,250100
718,1237,2,1,81,8.3,5,1,1,6040,242600
719,2652,5,3,2,12.9,5,1,0,5825,451000
720,2402,4,2,39,35.6,5,1,0,13696,254300
721,1604,4,3,66,1.7,7,1,1,4085,469700
722,2216,4,2,61,6.5,4,0,1,6937,402400
723,1566,3,2,70,0.8,6,2,0,2798,378300
724,2549,3,2,81,13.9,5,2,1,7044,341500
725,1836,3,3,53,13.3,6,1,0,7011,297200
726,842,2,2,27,1.5,5,1,0,1801,241000
727,1585,2,1,18,32.7,6,2,0,11084,212300
728,1234,2,2,31,37.1,4,3,0,9146,160100
729,1461,2,1,26,0.5,3,2,0,3998,346300
730,1054,2,2,56,1.2,5,2,0,1965,241900
731,2496,4,3,40,19.4,6,0,0,8705,329900
732,2122,3,2,63,0.7,6,1,0,4545,498100
733,1980,3,1,35,19.5,7,0,0,7656,270900
734,1424,2,2,50,33.3,7,2,0,10842,164700
735,1987,3,2,32,1.4,4,3,0,3923,477600
736,1149,2,2,78,23.1,6,1,0,6084,151400
737,889,1,2,57,0.5,6,0,0,2887,226000
738,1043,2,1,71,16.9,4,1,0,4642,129400
739,1978,3,1,16,33.6,8,2,0,10011,218000
740,2528,4,3,66,2.8,7,2,0,4116,484500
741,1207,3,3,14,7.3,7,2,0,5152,318700
742,558,1,1,66,6.9,5,2,1,2983,162600
743,2299,4,3,73,3.9,6,2,0,6055,434100
744,2780,4,3,31,24.2,4,2,0,8773,306100
745,704,1,1,43,16.9,5,0,0,4360,91200
746,1624,3,3,69,2.8,5,0,0,4022,366100
747,1841,2,1,78,1.1,7,0,0,6757,419600
748,3109,5,3,64,1.8,8,0,0,8939,664800
749,1975,3,2,48,17.3,6,1,0,6490,261200
750,2391,4,3,19,6.9,5,1,0,5946,467500
751,1725,3,3,36,11.6,6,1,0,6466,293800
752,1691,3,3,12,5.9,5,2,0,7053,396600
753,1531,3,2,81,4.8,6,3,0,4941,346400
754,1769,3,2,44,16.3,6,3,1,6076,300200
755,1493,2,2,56,21.7,5,0,0,9531,155500
756,1040,3,2,25,0.5,5,1,0,3178,305400
757,1955,4,2,72,2.1,8,2,1,7378,492000
758,1234,2,1,24,4.1,7,2,0,3153,331100
759,2497,3,2,41,34.5,7,2,0,11164,256600
760,1662,3,2,0,37.2,9,2,0,11091,252000
761,460,1,1,33,12.6,6,2,0,3505,108400
762,3206,6,3,4,8.4,5,1,1,11076,617200
763,2938,4,3,21,22.4,5,2,0,10734,360300
764,1694,3,1,17,17.3,5,2,0,6881,234600
765,1611,3,3,66,4.1,8,2,0,3285,397400
766,1383,2,2,56,34.3,5,2,0,10007,165200
767,2012,4,4,82,3.9,6,1,0,7550,423600
768,2296,4,3,51,24.3,6,0,0,9362,267500
769,2211,3,2,74,2.9,7,2,0,4335,513300
770,2284,4,3,5,14.2,7,1,0,7788,395900
771,1522,2,2,82,15.0,3,1,0,8036,205300
772,794,2,2,53,1.6,6,1,0,1456,205000
773,963,1,1,5,11.9,8,2,0,4113,200600
774,2256,4,3,63,7.8,3,2,0,7654,369200
775,2382,3,3,27,6.2,8,2,0,8571,521600
776,987,2,1,84,0.6,5,2,1,2982,241900
777,1079,2,2,3,32.7,6,1,0,9470,145600
778,2092,4,3,3,10.9,7,1,0,5186,441900
779,1274,2,1,81,3.6,8,3,0,4860,301400
780,2185,3,2,76,16.2,6,1,1,6677,337700
781,3798,5,2,47,8.9,7,0,0,12116,597800
782,2014,3,2,65,9.0,6,2,1,8900,381000
783,1964,3,2,41,4.3,6,3,0,7244,422300
784,1765,3,2,85,21.1,6,1,0,7619,234500
785,1308,2,1,28,38.1,6,1,0,10245,144500
786,2572,4,2,49,3.6,8,1,1,4086,607400
787,2296,2,1,52,17.9,8,2,0,9008,315800
788,1337,3,2,60,0.5,5,3,0,3025,344500
789,1679,3,2,8,38.5,8,2,0,9991,220900
790,2329,4,3,15,33.0,4,2,0,13116,262400
791,1822,3,1,10,4.6,8,1,0,4973,410600
792,450,1,1,22,18.1,8,0,0,4623,84000
793,1709,3,2,6,4.0,8,1,0,4385,391700
794,1962,4,3,45,34.0,5,2,0,11406,223000
795,1691,2,2,53,1.7,8,2,0,6331,473000
796,1980,3,2,49,19.5,6,1,0,9987,222200
797,450,1,1,25,38.2,2,2,0,8481,77400
798,519,1,1,73,4.3,4,1,0,2033,111100
799,2157,3,2,12,31.2,8,2,0,12686,310900
800,1406,2,2,31,17.3,7,0,0,7118,190700
801,2892,4,3,37,13.1,5,2,0,7424,400500
802,2862,4,3,29,2.2,3,3,0,9423,577900
803,1616,2,2,5,2.3,7,1,0,2925,387100
804,1992,4,3,63,0.8,4,2,0,7695,464100
805,1526,1,1,43,23.3,7,2,0,6487,184800
806,1925,3,2,59,32.4,5,1,0,10384,180600
807,2219,4,2,21,13.5,8,2,0,8804,370600
808,1671,3,2,36,13.5,3,2,0,6214,258500
809,2939,4,2,81,33.3,8,1,0,15717,327700
810,2399,4,2,75,4.7,8,2,0,4658,472300
811,2469,3,2,45,4.1,5,1,0,7903,393300
812,1141,2,2,82,3.2,5,3,0,2495,282300
813,2010,3,2,8,8.7,7,2,0,6014,373400
814,1875,3,2,38,36.6,6,2,0,10515,214600
815,1127,1,1,45,6.4,8,2,0,5246,226700
816,450,1,1,49,0.5,6,2,0,1418,154000
817,2103,4,2,76,25.3,10,1,0,11256,294100
818,492,1,2,85,9.7,4,0,0,2504,106200
819,2343,4,3,74,0.8,7,0,0,7456,626700
820,2306,5,4,75,9.7,5,2,0,9516,385000
821,1921,4,2,14,0.7,9,0,0,4787,541800
822,1794,2,1,36,1.6,6,2,0,2690,400300
823,2503,4,2,79,21.3,5,2,0,7902,308200
824,943,2,1,68,9.1,8,2,0,4964,200300
825,1987,1,2,63,3.9,5,1,0,4796,379200
826,1657,3,2,36,35.2,6,2,0,9391,204500
827,2732,4,2,67,20.6,7,3,0,10220,382200
828,1718,2,1,42,22.7,7,2,0,7826,238700
829,1291,1,1,16,0.7,6,2,0,4746,371200
830,3451,5,4,9,32.8,6,0,0,11637,404900
831,1396,2,1,20,36.8,6,2,0,9216,165600
832,916,2,1,81,25.3,9,1,0,6102,122600
833,3550,5,3,55,20.0,5,2,1,10821,471300
834,2543,4,3,78,38.1,6,1,0,10272,260500
835,2902,4,3,73,26.4,6,0,0,13356,330100
836,1389,4,3,24,0.5,8,0,1,2050,470900
837,1184,1,1,64,36.0,6,2,1,8755,165900
838,1858,2,1,62,36.8,7,1,1,11749,215000
839,2288,4,2,52,5.2,4,2,0,8989,354000
840,2312,4,3,47,19.7,4,3,0,7825,281200
841,2270,3,3,42,8.1,5,0,0,9146,376600
842,2684,4,2,72,26.7,8,1,0,8591,321900
843,886,1,1,1,15.4,4,2,0,4198,156400
844,1623,3,3,51,16.9,7,2,0,8783,258300
845,726,1,1,7,11.7,9,2,0,4039,189200
846,1640,2,1,31,4.8,5,1,0,4272,306600
847,2286,4,3,53,27.2,8,2,0,13052,296700
848,2936,4,4,82,15.1,6,1,0,9334,387100
849,2002,2,2,13,5.0,6,1,0,6605,405000
850,1430,3,3,29,25.8,6,1,0,9285,199900
851,1867,3,2,31,5.2,10,2,0,3393,449400
852,1713,3,3,56,10.9,7,1,0,5380,284600
853,1508,3,3,63,2.8,5,2,0,4537,352200
854,1501,2,2,43,24.0,5,1,0,8045,172900
855,3508,5,3,3,27.4,6,1,0,14792,411300
856,2707,4,3,84,10.0,5,2,0,10911,420200
857,1802,4,3,25,35.0,7,1,0,12750,237400
858,2908,5,3,30,0.8,4,3,0,9000,694600
859,2094,4,3,24,23.9,8,1,0,7743,279600
860,2616,4,3,51,19.2,8,2,0,9230,355800
861,1631,2,2,55,1.0,6,2,0,5061,416400
862,1930,4,4,26,7.7,8,0,0,6063,423500
863,2945,5,4,42,27.2,6,3,1,15358,404100
864,2697,4,2,48,4.3,4,2,0,10447,468700
865,2109,3,1,70,20.3,7,2,0,9978,298600
866,632,2,2,9,0.6,6,1,0,2218,265700
867,1027,1,1,72,4.5,6,2,0,2616,219800
868,2169,3,2,38,1.0,5,1,0,3351,461000
869,3591,6,4,68,1.5,6,0,0,6684,751300
870,2937,6,3,28,4.2,6,1,0,11296,624900
871,1988,4,3,16,0.8,9,1,0,3294,562100
872,1852,4,2,38,1.7,6,2,0,7329,449700
873,2471,5,3,34,4.8,7,2,0,9686,487700
874,2052,3,3,3,31.5,4,0,0,9841,223900
875,1919,2,1,80,0.7,8,2,0,3514,487800
876,894,2,1,78,7.7,4,1,1,2670,168900
877,2593,4,2,14,8.7,7,2,0,5870,482100
878,2742,5,2,34,9.6,6,0,0,11709,450500
879,2449,4,3,35,14.6,5,1,0,11419,377800
880,1915,4,3,26,1.6,8,1,0,5519,512300
881,1938,3,2,54,36.9,6,1,0,10675,196800
882,1197,3,1,84,35.7,5,1,0,10871,133100
883,1888,3,2,82,16.0,6,2,0,9317,287900
884,2483,4,3,7,15.0,5,2,0,8493,366900
885,568,1,1,17,18.1,8,1,0,4548,110000
886,2372,4,3,19,25.6,4,3,0,11445,297700
887,1793,3,2,1,1.5,8,1,0,5956,528100
888,1418,3,1,19,12.2,6,2,0,4745,249700
889,1243,2,2,32,14.9,4,1,1,5047,206400
890,661,1,1,48,13.7,4,2,1,4043,124400
891,1918,2,1,10,1.0,6,1,0,3249,470200
892,2568,4,3,18,25.0,8,2,1,12223,369700
893,2982,5,3,13,16.3,6,2,0,11955,430500
894,1596,2,2,32,1.3,7,2,1,3703,492100
895,1096,2,1,23,35.4,5,1,0,9543,131900
896,538,1,1,21,7.2,3,1,0,2781,124600
897,2179,4,3,35,0.5,6,2,0,5485,606400
898,1813,2,1,39,0.8,3,1,1,2970,405000
899,1467,3,1,48,11.5,4,1,0,7124,224400
900,2094,4,3,81,35.6,6,1,0,14010,229700
901,1714,3,2,49,20.8,6,2,0,7353,229200
902,937,2,1,52,0.9,6,2,0,1753,228700
903,1126,2,2,56,2.0,7,1,1,3073,317100
904,1386,3,2,23,0.8,6,2,0,4771,378000
905,1286,2,2,45,0.8,3,0,0,4988,276900
906,2202,4,4,0,3.4,7,1,0,6686,557800
907,2629,5,4,83,36.5,7,2,0,14864,305500
908,1764,3,2,76,0.9,5,1,0,2639,414800
909,2690,4,3,64,31.1,6,1,0,10788,317900
910,1786,3,2,46,17.8,6,0,0,6292,252300
911,2789,5,4,1,10.9,8,1,0,9277,571700
912,1583,2,2,28,5.7,8,0,0,4837,337300
913,1190,2,1,65,5.0,7,1,0,3341,224600
914,2978,5,3,33,18.2,10,1,0,12170,450800
915,1039,2,2,29,1.4,5,1,0,2155,263200
916,2405,3,2,37,4.1,4,0,0,4414,432000
917,2982,5,4,32,10.7,5,1,0,11206,436700
918,2806,4,2,5,5.9,4,1,0,8418,465700
919,1850,4,2,15,10.6,5,3,0,6252,320300
920,1762,3,3,73,11.4,7,2,0,5604,306600
921,2354,4,3,25,21.8,5,2,0,7147,293600
922,1135,2,1,80,5.6,5,3,0,4709,228900
923,2475,4,4,56,20.8,5,2,1,7478,287200
924,2062,4,3,27,1.1,6,2,0,6904,534000
925,1197,2,2,61,3.2,5,0,0,3220,231500
926,2284,3,2,45,19.8,5,1,0,11074,270700
927,2414,3,2,48,11.0,5,1,0,10848,367200
928,2291,4,3,18,2.9,6,2,0,4712,523100
929,2136,4,3,48,36.3,8,2,0,10477,267800
930,1135,2,1,37,34.6,3,1,0,8777,118600
931,1404,2,1,42,31.5,5,2,0,10339,142300
932,2470,4,3,59,30.6,5,2,0,11284,277700
933,2180,3,2,8,18.6,7,0,0,10404,290900
934,1473,2,1,43,1.6,9,2,0,3902,400300
935,2601,4,2,76,12.5,7,1,0,10317,398500
936,2627,4,3,77,1.9,4,0,1,5415,545200
937,1706,2,2,35,3.6,7,1,0,6136,395800
938,2183,4,3,27,4.3,6,2,0,7989,492500
939,1420,2,1,3,1.0,8,1,0,4172,414400
940,2831,4,3,5,8.0,6,2,0,5398,585400
941,1766,3,2,1,2.9,7,3,0,5210,518600
942,1754,3,1,18,2.4,7,1,0,3172,449200
943,2333,3,1,48,1.9,7,2,0,4526,496100
944,1050,2,2,20,8.7,6,2,0,4584,216600
945,2471,3,3,46,38.1,3,2,0,15242,257800
946,2703,5,4,68,4.7,6,0,0,5169,535300
947,2170,4,3,44,24.9,5,3,0,10401,278100
948,1277,3,2,64,23.9,5,2,0,7313,175200
949,1358,2,1,8,33.7,7,0,0,8499,171700
950,1923,5,3,85,37.3,5,1,0,10013,212800
951,2360,3,2,58,29.9,3,1,0,9952,217000
952,1095,3,2,58,13.5,5,1,0,5203,182200
953,2491,3,3,73,19.4,6,2,0,7633,313900
954,1834,2,2,55,2.4,6,2,0,5846,425400
955,1982,3,1,77,18.9,6,2,0,9637,241000
956,1616,2,1,58,32.3,6,2,0,9866,186700
957,2070,3,1,73,8.5,7,1,1,4738,390900
958,3049,4,3,44,3.3,2,1,0,4872,510800
959,996,2,1,40,38.1,7,1,0,9650,136400
960,1210,2,2,76,0.6,6,2,0,3075,332900
961,1994,3,2,68,7.3,5,1,0,4871,344000
962,3432,6,4,20,23.2,6,2,0,10498,337500
963,2603,3,2,25,7.1,6,2,0,8548,504800
964,1288,3,3,36,12.6,6,2,1,6139,228700
965,1294,3,2,15,19.1,5,2,0,5558,191100
966,1239,2,2,57,2.2,5,0,0,3561,276300
967,1436,3,3,76,17.9,4,2,1,6831,235100
968,1705,4,3,0,10.0,5,2,0,4551,358000
969,1241,2,2,19,1.5,6,2,1,3844,351500
970,1885,4,3,66,17.9,7,1,0,8999,289500
971,1978,3,3,61,7.9,7,1,0,8101,390800
972,1506,3,2,63,0.5,5,0,1,4466,406700
973,546,1,2,74,5.9,5,1,0,2551,134500
974,2689,5,4,47,15.9,5,2,0,11883,371700
975,2040,3,2,65,0.9,6,1,1,5160,558600
976,2334,3,2,7,27.6,8,1,0,8389,302600
977,2274,4,3,64,11.5,4,2,0,10435,345600
978,2928,4,3,71,11.9,6,3,0,8834,448000
979,1506,2,1,66,24.0,7,3,0,6305,195900
980,2203,2,2,10,24.7,7,1,0,7453,271000
981,903,2,2,83,17.7,7,0,0,5359,148700
982,1941,3,2,34,33.5,4,2,0,11957,203400
983,1887,4,2,23,34.7,6,1,0,11543,234200
984,1223,2,1,11,19.6,4,1,0,7095,181400
985,1771,3,2,3,10.4,4,2,0,4481,302900
986,2014,3,3,57,12.8,6,2,1,9474,329800
987,1587,2,2,27,19.4,7,2,0,8235,254100
988,2721,4,3,11,0.5,8,1,0,8391,727600
989,2153,3,2,35,24.0,6,3,0,11604,296400
990,2816,4,2,7,3.6,5,0,0,9732,586400
991,1503,3,2,24,9.9,8,1,0,7226,298400
992,1614,3,2,7,6.8,7,0,0,6255,347800
993,1344,3,2,59,30.0,6,1,0,7759,170600
994,2120,4,2,33,35.9,4,1,0,11327,211700
995,767,1,1,65,29.0,7,2,0,6304,113600
996,3276,6,4,61,23.6,4,0,0,15437,337300
997,1783,2,2,70,33.5,5,1,0,11312,191300
998,1542,2,2,31,4.1,5,0,0,3051,296200
999,3057,5,3,54,8.3,6,0,0,12913,520300
1000,2743,4,3,30,3.8,7,2,1,7316,630300
1001,1844,3,2,11,10.3,5,2,0,4753,312100
1002,1453,3,3,18,12.9,4,1,0,4321,248100
1003,2175,4,2,69,6.4,5,1,0,5519,362000
1004,1872,4,2,59,5.6,5,2,0,6589,363500
1005,2940,5,2,64,3.9,7,1,1,11178,606100
1006,2437,4,2,74,3.3,6,2,0,9572,475800
1007,2093,3,1,32,0.8,7,0,1,6339,495200
1008,1975,4,4,73,24.9,4,0,0,11323,240900
1009,2105,3,2,79,6.1,9,0,0,4857,386200
1010,2006,4,3,13,0.7,4,1,0,6056,502900
1011,1057,2,1,32,32.9,7,1,0,9863,158300
1012,1822,4,3,53,28.4,10,1,0,12005,251100
1013,1694,3,2,25,1.0,5,2,0,2921,422600
1014,2226,4,2,36,26.1,8,2,0,11308,298500
1015,1264,2,2,20,34.5,4,2,0,10110,150800
1016,1072,1,1,61,4.2,7,1,0,3470,218400
1017,970,3,1,53,10.7,7,1,0,4309,178300
1018,1805,3,2,73,37.4,8,2,0,13390,201200
1019,1820,4,3,55,17.1,8,2,1,9640,332200
1020,1850,4,3,21,1.8,8,3,0,3906,559600
1021,1564,2,1,35,8.4,5,1,1,5594,265100
1022,2412,3,1,26,0.8,6,1,0,4214,444600
1023,1286,2,2,40,18.7,3,2,0,8251,164400
1024,1683,3,3,13,20.0,5,0,0,8004,227900
1025,1788,3,3,64,29.4,4,2,0,10475,200600
1026,1512,2,1,84,0.6,5,1,0,2126,315200
1027,2670,4,2,42,22.5,3,3,0,12089,303400
1028,801,2,1,64,32.0,6,3,0,7044,124500
1029,1799,2,2,13,1.8,8,1,0,7003,494400
1030,1529,2,2,14,35.9,6,2,1,11476,196300
1031,1644,4,3,20,3.8,7,2,0,2887,414100
1032,1938,4,3,3,23.2,7,0,0,7954,303100
1033,962,2,2,56,0.8,6,1,1,1717,300800
1034,2219,4,3,31,18.1,8,0,0,11503,351200
1035,2530,4,3,3,0.6,7,1,0,7668,674900
1036,2547,4,4,78,13.3,6,1,0,9737,384800
1037,1707,3,1,50,36.0,8,1,0,11354,220300
1038,1661,3,2,34,3.6,7,1,0,4363,360500
1039,1264,1,1,34,26.0,8,0,0,8956,145600
1040,1525,3,2,28,12.6,4,2,0,5943,261000
1041,1883,4,3,21,3.0,6,2,0,6656,468100
1042,1413,2,2,75,8.1,6,0,0,3411,261100
1043,2406,4,3,26,36.0,5,1,1,11632,263200
1044,528,1,1,1,0.5,7,0,0,1902,207400
1045,1889,3,3,71,2.9,1,3,0,4265,381600
1046,1564,3,1,41,10.8,6,1,0,7030,271900
1047,450,1,1,64,0.5,5,0,0,1167,108100
1048,1820,3,1,16,22.4,7,2,0,10682,243700
1049,3787,6,3,67,13.3,4,1,0,16269,479800
1050,2285,4,2,73,7.8,6,2,0,7306,441200
1051,2137,4,3,83,8.0,8,2,0,7564,388700
1052,1861,3,1,39,37.2,7,0,0,10727,201800
1053,1681,2,1,12,33.1,7,1,0,11130,192100
1054,1895,3,2,41,38.1,5,0,0,13659,171400
1055,1470,3,2,56,1.0,8,2,0,3994,376800
1056,1837,4,3,18,20.5,6,1,0,7378,273300
1057,1972,4,2,6,30.5,7,2,0,11171,246800
1058,2255,4,2,70,25.4,6,0,0,8240,269800
1059,1511,4,3,29,7.4,6,2,0,4296,336500
1060,934,2,1,2,8.3,4,2,0,4735,203000
1061,2728,4,3,23,22.1,5,2,0,7640,331300
1062,1196,3,1,11,0.5,5,1,1,2403,375100
1063,1408,3,2,53,13.8,7,1,0,4652,227500
1064,2829,5,3,4,31.1,8,1,0,14240,364800
1065,2386,3,2,65,3.0,6,2,1,7454,515300
1066,2739,4,3,65,8.5,7,1,0,7225,418500
1067,3141,4,2,43,17.2,8,2,0,8882,408100
1068,1424,3,2,28,7.9,6,1,0,3882,268400
1069,783,1,1,49,3.3,8,0,0,2865,192400
1070,1233,2,2,75,5.4,8,2,0,3890,298200
1071,1254,2,1,48,26.7,3,2,0,6741,145700
1072,1779,4,4,19,5.9,2,2,0,6090,336400
1073,2181,3,2,36,38.4,5,2,0,12413,244600
1074,2050,3,2,60,12.6,8,2,1,5233,361100
1075,2358,3,2,27,12.8,4,2,0,7888,339800
1076,1790,4,4,72,1.8,5,2,0,4035,439000
1077,1131,2,2,24,37.4,5,1,0,10095,141100
1078,1760,3,3,17,0.8,7,1,0,3391,420900
1079,3181,6,4,68,3.1,10,3,0,8615,814000
1080,2341,4,2,40,19.4,8,1,0,11048,334400
1081,2028,3,2,31,24.5,7,1,1,8342,292200
1082,1771,2,1,69,9.2,7,1,0,4705,288500
1083,3324,6,4,62,18.3,5,1,0,12249,441500
1084,1950,3,3,76,8.6,5,1,0,6086,348000
1085,2245,3,2,5,4.5,8,1,1,5548,601000
1086,1828,2,2,29,5.5,6,0,0,4207,348700
1087,1666,4,3,59,3.4,5,1,0,4436,317200
1088,873,2,2,77,25.1,9,1,0,6810,138100
1089,2584,5,4,15,7.1,5,0,1,7066,507000
1090,2279,4,2,13,3.2,6,1,0,4126,514400
1091,2123,4,2,5,14.5,5,2,0,6668,324400
1092,450,2,1,45,26.2,6,2,0,5776,81300
1093,2525,4,3,81,3.7,5,1,0,5600,514400
1094,2235,4,3,72,0.8,4,2,0,5968,490500
1095,1287,2,1,83,1.6,6,3,0,3676,293000
1096,1792,3,2,72,20.4,6,2,1,9996,236400
1097,1100,2,1,80,17.5,5,1,0,6780,162800
1098,1564,3,2,79,30.7,4,2,0,8510,166200
1099,2488,3,2,42,20.9,9,1,0,7292,332400
1100,3061,4,3,50,1.0,7,2,0,11602,773200
1101,1618,3,3,24,6.4,5,3,0,5901,376700
1102,2776,4,3,24,33.1,9,2,1,11510,354700
1103,450,1,1,3,34.3,7,2,0,7799,105900
1104,2770,5,3,79,10.6,5,1,0,11669,428500
1105,2197,4,2,12,34.9,5,2,0,10931,252900
1106,682,1,1,63,3.0,7,0,1,1634,187600
1107,2504,4,3,73,23.5,7,1,0,13611,295500
1108,933,2,2,76,9.2,9,1,0,4369,198400
1109,2453,5,3,15,1.1,5,0,0,4786,573200
1110,1998,4,3,2,0.5,6,2,0,7146,576100
1111,2064,3,2,36,33.7,6,2,0,12416,237400
1112,1591,3,2,10,28.4,7,1,1,9456,262400
1113,1507,2,2,23,28.5,6,1,0,7484,186700
1114,1256,2,2,2,24.2,6,2,0,6059,211800
1115,2304,3,2,52,38.4,5,0,0,12725,200200
1116,2971,6,4,38,27.7,8,2,0,15586,372300
1117,1886,3,2,55,15.8,7,1,0,5714,283700
1118,1291,1,1,54,1.4,8,0,1,3667,369300
1119,1553,3,2,51,8.7,7,0,0,5599,247300
1120,1195,1,1,62,13.8,6,2,0,5618,177500
1121,2552,4,2,1,34.6,5,2,0,13458,308100
1122,2116,4,2,55,34.7,5,0,0,13413,227600
1123,2654,4,3,45,4.2,8,2,0,9470,613900
1124,2171,3,2,74,9.0,8,3,0,9042,403900
1125,2128,3,2,66,1.4,7,2,0,6980,510100
1126,2159,4,3,10,12.1,7,2,0,9209,378800
1127,1329,2,1,78,2.4,7,1,1,5310,356200
1128,2723,5,4,47,18.3,5,1,0,11349,369100
1129,3488,6,4,30,12.1,6,1,0,15301,539400
1130,2606,5,3,39,33.0,7,1,1,10988,323100
1131,1801,3,2,36,2.4,6,1,0,5499,377900
1132,1225,2,2,42,25.9,6,1,1,8854,194400
1133,2963,4,3,83,5.1,3,1,1,6172,539600
1134,2860,4,3,38,35.7,8,1,0,14831,335900
1135,1322,3,2,11,4.2,5,1,0,5252,343600
1136,1729,3,2,71,14.5,6,1,0,9024,257600
1137,1491,4,3,38,1.9,4,2,0,2390,335700
1138,1325,2,3,48,10.2,6,1,1,6091,262300
1139,2113,5,4,38,28.5,8,2,0,8895,262600
1140,1897,2,2,79,5.8,7,0,0,7267,345000
1141,1293,3,2,55,34.6,6,3,0,10120,163700
1142,1035,1,1,39,6.1,6,1,0,4238,201100
1143,1565,3,2,75,3.1,7,1,0,4123,362000
1144,1852,4,2,23,4.4,9,1,0,4449,454800
1145,2956,3,1,74,30.8,5,3,0,16626,287500
1146,2986,5,4,24,22.9,8,3,0,8701,393000
1147,1165,2,1,75,34.7,5,1,0,10568,117400
1148,1682,3,2,28,0.9,6,1,0,3877,450700
1149,2060,4,2,9,2.2,6,3,0,7007,516900
1150,1416,2,1,74,36.7,5,1,0,11407,141600
1151,1430,2,1,28,37.9,10,1,0,11855,198800
1152,1422,2,2,16,2.3,5,0,0,3699,309100
1153,1688,3,2,49,12.0,6,1,0,4653,260800
1154,2661,4,3,20,6.0,6,0,0,9738,421600
1155,2611,4,3,9,25.9,6,2,1,8891,339400
1156,2833,4,3,57,35.9,5,1,0,16652,312300
1157,1912,3,1,2,12.8,8,1,0,6560,310400
1158,2563,4,3,29,4.5,5,2,0,8578,538800
1159,1965,3,3,51,9.9,7,2,0,5550,341700
1160,1403,2,1,76,10.0,6,2,0,4573,232800
1161,1491,3,2,16,21.7,2,0,0,7967,168100
1162,2289,5,3,58,12.3,4,1,0,9410,344400
1163,1567,2,1,2,5.3,7,2,0,4136,399100
1164,1351,2,1,58,8.5,7,2,0,5854,255400
1165,1152,2,1,50,30.8,8,1,0,8498,154400
1166,1815,3,3,60,1.5,5,2,0,4049,439100
1167,1796,2,2,34,5.4,5,0,0,4827,311700
1168,2351,5,3,2,35.7,9,2,0,13180,307700
1169,1697,3,3,10,36.8,5,2,1,10410,221300
1170,1375,3,2,33,7.6,5,2,0,5889,284500
1171,2068,4,3,9,10.3,6,2,0,6474,367100
1172,1540,2,1,65,22.4,7,1,0,6176,192200
1173,1418,2,2,45,14.0,4,1,0,6200,199800
1174,2328,4,3,70,10.1,5,0,1,7233,374400
1175,3280,5,2,72,0.6,6,2,0,9524,777700
1176,1860,3,2,80,6.2,7,2,0,4781,328300
1177,2670,3,2,3,4.8,5,1,0,6385,496400
1178,2326,5,3,52,0.6,9,0,0,5835,668900
1179,1180,2,1,27,0.6,10,1,0,2115,300400
1180,1453,3,2,16,7.6,5,0,1,3328,298500
1181,1164,2,2,70,3.7,3,1,0,4308,192200
1182,556,1,1,35,6.7,4,1,0,2338,125600
1183,1608,3,2,16,36.5,6,1,0,10256,187100
1184,1098,2,1,3,23.6,6,0,0,6552,150100
1185,995,3,2,69,11.8,6,2,0,3433,197000
1186,3385,6,4,74,0.8,7,1,0,6524,769800
1187,2421,4,3,51,6.7,7,2,0,9072,498200
1188,2273,4,3,37,4.6,6,2,0,5196,416600
1189,993,2,2,26,16.3,8,1,0,5105,190300
1190,2951,4,1,36,2.6,6,0,0,6457,543000
1191,1382,3,3,36,14.8,6,2,0,6675,239700
1192,2398,4,2,77,26.9,9,1,0,8427,349300
1193,2304,5,4,22,9.4,8,1,0,6463,470300
1194,1899,3,3,22,16.6,6,2,0,7991,297200
1195,1305,2,2,46,13.7,8,0,0,7274,197000
1196,1629,3,1,24,20.6,7,3,0,6411,249200
1197,1763,3,2,83,1.2,6,1,0,5358,419600
1198,1632,2,2,79,23.8,6,1,0,8409,204200
1199,1299,2,1,20,26.3,5,0,0,8156,146200
1200,1558,2,1,42,27.9,8,1,0,8591,204000
1201,1148,3,3,11,1.2,4,0,0,3570,327900
1202,1251,2,2,26,3.1,4,3,0,3502,319000
1203,2200,3,1,57,15.0,6,0,0,9491,244600
1204,2041,4,3,70,23.8,8,0,0,7926,274600
1205,1620,2,1,12,5.9,7,2,0,4652,330600
1206,1458,3,2,65,5.0,7,2,1,4636,353900
1207,1285,2,1,9,4.2,8,3,0,4655,338500
1208,1354,2,1,1,38.3,6,2,0,9352,172100
1209,1572,2,1,70,8.8,8,0,0,5130,262900
1210,2609,4,3,67,1.4,6,1,0,8940,615800
1211,3126,4,2,38,6.7,6,1,1,9841,578400
1212,1574,4,3,33,15.3,5,1,0,8036,240700
1213,3159,5,3,47,34.2,7,0,0,13918,331100
1214,1896,2,1,46,34.9,7,2,0,9555,205700
1215,1029,2,1,82,23.4,5,2,0,7673,150100
1216,3458,6,4,67,7.6,5,1,1,14258,553500
1217,893,1,1,50,3.2,7,0,0,3006,175500
1218,1463,3,2,19,31.8,5,0,0,7668,188800
1219,2453,4,3,75,4.1,4,1,0,4364,441900
1220,2082,3,2,2,29.5,8,2,0,8218,295300
1221,1453,3,3,38,36.2,7,0,0,9702,187200
1222,2677,4,3,69,4.9,3,1,0,7676,473500
1223,2464,3,2,14,0.7,7,1,0,5233,586900
1224,1667,3,2,83,13.8,4,1,0,7293,226000
1225,3245,6,4,48,28.6,7,2,1,15402,414600
1226,1032,1,1,77,24.7,4,2,0,6201,123400
1227,1116,1,1,80,4.2,5,2,0,4821,215400
1228,1944,3,3,57,6.0,5,0,0,7219,331300
1229,691,1,1,59,3.5,6,2,0,2293,161700
1230,3063,5,3,11,18.5,7,2,0,7855,431100
1231,1987,2,2,14,14.1,7,2,1,5842,354000
1232,1998,3,3,16,13.3,7,2,0,6599,338100
1233,551,1,1,45,29.7,4,2,0,7100,79400
1234,2648,5,3,76,10.5,6,3,0,8272,420700
1235,2223,3,2,66,7.6,7,0,0,8799,395000
1236,1024,2,2,69,3.1,7,0,0,1939,232500
1237,2766,5,3,29,3.3,2,2,0,4208,497400
1238,2239,4,2,24,19.5,6,2,0,6469,317100
1239,1912,3,2,5,37.5,6,1,0,11367,235900
1240,1988,4,4,73,30.7,7,1,0,9652,216400
1241,1655,3,3,74,25.6,7,0,1,8302,213600
1242,2140,4,3,69,2.1,8,0,0,7359,514400
1243,1869,3,2,43,15.7,6,1,1,7888,284500
1244,468,1,1,13,1.2,6,1,0,1042,157000
1245,2118,3,2,6,36.8,3,2,0,11762,212900
1246,1846,3,2,79,2.2,7,1,0,6500,427800
1247,1429,2,2,25,32.5,6,2,0,8251,189400
1248,1692,3,2,63,8.3,8,1,0,6302,338300
1249,1753,3,1,44,2.1,7,1,0,4213,381900
1250,1874,4,3,4,0.5,5,3,0,3138,515300
1251,1633,3,1,14,1.2,5,2,0,5777,385300
1252,1045,1,1,1,18.1,3,2,0,6630,163500
1253,1243,2,2,9,9.0,7,2,0,4411,289400
1254,1966,4,2,3,29.8,7,1,1,9333,303000
1255,1421,3,2,66,14.9,7,2,0,4800,239700
1256,1185,2,1,72,26.6,8,1,0,7499,149800
1257,2254,4,2,3,14.0,5,1,0,9855,341800
1258,2721,4,2,67,3.6,5,1,0,5116,466700
1259,876,2,2,14,3.3,6,2,1,1836,312500
1260,2951,5,3,16,1.0,9,2,0,7678,876800
1261,2895,4,3,28,29.0,6,1,0,11389,313900
1262,1831,2,1,81,31.1,7,2,0,10144,211200
1263,1618,4,3,31,11.3,6,1,0,6740,321600
1264,2526,4,3,1,38.2,4,2,1,12934,316900
1265,2491,4,3,82,7.2,10,0,0,8023,533200
1266,1702,3,2,82,6.0,7,1,0,3559,341100
1267,2845,6,4,22,31.3,6,2,0,11787,328400
1268,597,1,1,83,2.1,7,2,0,2144,187600
1269,2118,4,3,28,9.8,4,2,0,6803,338800
1270,1432,2,2,31,13.4,7,2,0,7145,243400
1271,1654,2,2,46,2.4,6,1,1,5622,407600
1272,1468,2,2,46,27.1,6,2,0,7041,167700
1273,1178,2,1,21,28.6,3,2,0,9203,137000
1274,1124,1,1,62,2.6,6,1,0,3911,234000
1275,1082,2,2,62,14.2,6,3,0,4167,188100
1276,1483,3,3,75,23.4,9,2,0,9615,264200
1277,1108,1,1,25,0.6,4,3,1,4306,345900
1278,1403,2,2,54,32.2,7,2,0,8363,189900
1279,2069,3,1,20,10.5,4,1,0,6284,289700
1280,1992,4,3,19,13.2,7,2,0,8379,327400
1281,2554,4,3,45,11.0,6,1,0,6802,399900
1282,1704,3,2,9,8.1,7,1,0,4544,364700
1283,850,1,1,32,17.9,5,1,0,5003,124100
1284,3030,6,3,79,11.0,6,1,0,6610,422400
1285,1209,2,2,19,27.9,8,2,0,8267,174700
1286,1956,4,2,48,1.1,5,2,1,6288,469800
1287,1682,2,2,35,31.2,5,2,0,7880,196800
1288,964,1,1,39,2.3,7,1,0,3016,238400
1289,906,2,1,61,34.5,4,2,0,7736,103200
1290,1337,2,1,45,1.6,7,0,0,4087,326500
1291,2816,5,4,1,36.0,4,0,0,11032,297200
1292,1442,2,2,28,4.3,6,0,0,6124,306100
1293,2374,3,3,12,4.8,4,1,0,5024,438900
1294,450,1,1,36,34.8,5,2,0,6975,77000
1295,2801,4,3,3,25.8,4,2,1,9110,336600
1296,2124,3,2,37,8.5,3,3,0,7944,338500
1297,2486,4,3,62,26.0,6,3,0,9958,250100
1298,1497,3,2,7,26.0,7,1,0,10272,218200
1299,1106,2,1,79,4.8,6,1,0,2522,220400
1300,2057,3,2,26,13.1,1,1,0,9048,227900
1301,1844,3,2,79,17.6,9,2,1,8727,274600
1302,2153,3,3,24,20.3,1,2,0,10282,244900
1303,2214,3,2,36,31.9,7,1,0,11878,269300
1304,1183,1,1,46,4.5,3,1,1,5132,246000
1305,2112,4,2,53,2.5,6,2,1,3369,508600
1306,1547,3,4,19,5.8,2,2,0,5089,315300
1307,901,2,2,15,20.8,4,3,0,6028,153100
1308,1406,3,1,63,37.7,7,2,0,9915,172300
1309,2719,4,3,68,2.3,8,1,1,8648,731800
1310,1743,3,2,0,10.2,7,3,0,7239,367900
1311,1896,3,3,29,30.1,4,1,0,12405,210000
1312,2633,4,3,18,1.1,1,2,0,9550,519700
1313,2710,5,3,59,32.4,8,1,0,11457,357100
1314,3285,6,4,6,2.3,9,2,0,7400,913800
1315,1437,3,2,23,30.4,5,2,0,9167,192200
1316,3155,6,4,43,0.6,5,2,0,6967,761400
1317,784,2,1,63,2.6,6,2,0,2974,192000
1318,877,1,1,41,5.7,7,2,0,3908,212000
1319,2408,3,1,40,12.3,4,1,0,6556,321900
1320,1807,3,3,20,25.3,6,1,1,7321,264400
1321,2370,4,3,35,7.9,8,1,1,5614,497100
1322,1776,2,2,50,37.6,7,0,0,12453,196200
1323,1375,2,1,29,6.3,6,0,0,4113,235000
1324,3559,6,4,17,12.5,6,2,0,9321,596300
1325,1331,2,2,37,32.2,6,2,0,9932,162100
1326,1917,3,2,46,16.1,7,1,0,7798,271300
1327,2383,5,3,27,1.7,5,1,0,6959,592800
1328,1398,2,1,62,14.7,8,0,1,6825,219400
1329,3579,5,3,39,20.6,8,1,0,9586,447500
1330,3316,5,3,66,34.9,7,2,0,17569,362500
1331,1462,1,1,25,37.5,6,2,0,10077,161500
1332,1323,3,2,11,7.8,6,1,0,4779,267300
1333,1463,3,1,14,13.2,8,2,0,6280,273100
1334,754,2,2,18,24.2,1,1,0,6524,107400
1335,2105,3,2,15,4.9,7,1,1,6816,476900
1336,1524,2,2,41,15.5,5,0,0,7189,186800
1337,1291,1,1,57,26.3,6,2,0,9095,151900
1338,641,1,1,83,9.0,5,1,0,2700,119800
1339,1346,3,2,40,3.7,3,1,0,3332,277500
1340,1245,2,1,22,0.8,7,1,0,3448,359400
1341,947,2,2,44,19.8,5,1,0,6681,140500
1342,1496,3,1,69,8.6,4,0,0,4601,222400
1343,2555,4,4,13,2.9,8,1,0,8707,655700
1344,1596,2,1,5,15.6,6,2,0,5718,240000
1345,2043,3,2,7,2.6,7,2,0,5350,509900
1346,2589,4,2,40,28.5,4,1,0,9668,287100
1347,2999,6,4,58,4.2,5,3,0,11503,616200
1348,1629,2,2,70,0.5,7,1,0,5989,414600
1349,2157,4,3,82,10.1,4,2,0,6991,314000
1350,1395,3,2,76,20.6,4,0,0,6733,184600
1351,1866,3,3,8,34.1,4,0,0,11385,203400
1352,707,1,1,14,26.1,8,1,0,6331,133100
1353,907,2,2,53,6.6,4,1,0,3874,180300
1354,1657,2,1,32,14.9,6,1,0,7067,229500
1355,1404,2,1,60,22.5,6,1,1,8160,184200
1356,1712,3,3,36,34.6,5,1,1,10229,209900
1357,2113,3,2,29,1.8,6,2,0,3212,509000
1358,1722,3,2,75,1.9,4,1,0,2976,359900
1359,1692,3,2,80,1.0,6,2,0,6486,392000
1360,1316,3,2,0,0.5,6,1,0,2585,428600
1361,1883,5,3,36,34.0,6,2,0,8895,227700
1362,2533,3,3,4,38.0,5,1,0,15702,299100
1363,1706,4,2,36,35.9,6,3,0,11430,215800
1364,2131,3,2,45,24.1,7,2,0,10428,281800
1365,1263,3,3,71,1.8,7,0,0,1995,351900
1366,1195,3,2,36,4.2,6,2,0,3820,315700
1367,1968,3,2,75,13.1,6,1,0,5877,293500
1368,1263,2,1,41,12.3,5,3,0,5528,216100
1369,1076,2,1,58,10.0,5,2,0,3660,199500
1370,1961,4,3,82,2.2,5,2,0,7049,431300
1371,1670,2,2,52,9.8,7,2,1,6676,335900
1372,1627,2,1,47,18.0,6,3,0,8413,221900
1373,2955,5,3,77,11.4,8,0,0,7965,466500
1374,1751,2,1,59,7.8,6,2,0,6992,297000
1375,2575,4,3,80,25.4,4,1,0,8373,252500
1376,1640,2,1,74,1.6,9,1,0,4629,414500
1377,2346,4,3,50,1.2,6,1,0,8564,561200
1378,1283,3,2,15,2.4,5,2,0,3043,325200
1379,1372,1,1,36,29.6,5,1,0,8304,136500
1380,2227,4,2,50,12.2,5,1,1,10455,324200
1381,1678,2,2,76,7.9,5,0,0,6549,245700
1382,1981,4,3,68,2.0,10,2,0,4783,472000
1383,1312,2,3,37,22.3,5,1,0,7955,184800
1384,2873,4,2,55,33.6,5,2,0,15338,286100
1385,623,1,1,45,31.7,3,2,0,6558,83800
1386,2258,4,3,12,21.0,7,2,0,7389,327700
1387,1170,1,1,17,31.9,4,1,1,10114,160700
1388,1326,3,2,60,0.5,8,2,0,5000,339000
1389,1590,2,2,14,10.3,4,0,0,7698,251700
1390,2451,3,3,2,3.2,6,1,0,5222,607700
1391,1979,5,4,41,10.2,7,1,0,9033,398500
1392,1852,4,3,26,8.3,4,0,0,5241,280500
1393,2360,3,3,21,36.7,5,1,0,10286,272300
1394,2887,5,3,74,2.8,4,2,0,7984,534400
1395,2203,4,2,41,11.7,8,0,0,5145,343300
1396,2195,3,3,42,1.1,7,1,0,8514,621800
1397,1836,2,2,12,3.5,6,1,0,6871,412500
1398,2338,5,3,18,3.0,4,1,0,4824,536500
1399,936,2,1,26,19.7,5,2,0,5890,141300
1400,1500,4,2,78,34.7,6,2,0,10576,186300
1401,2046,4,3,3,34.8,10,1,0,11396,311300
1402,1751,2,1,12,3.8,5,2,0,5347,372400
1403,1316,1,1,47,9.2,4,1,0,3367,201600
1404,1220,2,2,80,1.2,7,2,0,2350,303200
1405,1296,2,1,44,32.7,5,2,0,8093,146100
1406,2705,5,3,17,21.3,6,2,0,12292,338700
1407,504,2,2,6,6.0,4,2,0,1972,176300
1408,2087,4,3,34,1.5,7,0,0,5838,482400
1409,1904,3,2,46,2.0,10,2,0,6389,547700
1410,2918,5,4,53,13.5,6,2,0,7848,486700
1411,1688,4,3,2,14.1,9,1,0,8810,320900
1412,945,1,1,41,28.7,5,1,0,7434,127400
1413,1676,3,2,4,22.4,7,2,0,8173,264600
1414,1505,2,2,61,26.6,8,2,0,9447,217500
1415,745,2,2,34,38.1,6,2,0,8694,114000
1416,2721,4,3,8,32.9,7,1,0,14637,332100
1417,1479,3,2,77,14.6,6,3,0,7145,244000
1418,1813,3,2,57,29.9,6,2,0,9656,208700
1419,1447,3,1,65,8.8,5,2,0,6952,251300
1420,1584,2,2,14,35.4,6,2,0,11530,185100
1421,1132,2,1,60,14.2,6,1,0,4284,159000
1422,1780,3,2,3,1.9,10,1,0,3868,548900
1423,2163,4,3,74,2.6,7,1,0,3799,496500
1424,2388,5,4,15,15.1,9,1,0,9762,414700
1425,1004,2,2,28,3.6,5,1,0,3630,239700
1426,2554,4,3,2,4.4,4,3,0,9039,503900
1427,2134,4,3,64,8.2,3,0,0,6714,289300
1428,908,2,1,19,13.0,6,2,0,4414,175200
1429,759,1,2,10,25.2,6,2,0,6085,137400
1430,1365,2,1,24,21.4,7,2,0,6969,187500
1431,1121,1,1,42,32.7,1,1,0,9971,105000
1432,3170,4,3,46,2.6,6,1,0,5026,693600
1433,1756,2,1,26,22.7,6,2,0,9246,203200
1434,1288,2,1,72,0.9,6,1,0,2315,303100
1435,1053,2,2,26,6.1,4,2,0,5043,228500
1436,2329,3,2,50,14.7,6,1,0,8163,309400
1437,2092,3,2,14,17.9,5,1,1,10043,298400
1438,2337,2,1,63,11.9,8,3,0,7160,387500
1439,2118,4,2,22,5.7,7,1,0,8974,444400
1440,1953,3,1,58,34.9,6,1,0,10448,194300
1441,2149,3,2,73,32.9,8,1,0,11708,261800
1442,1874,3,2,40,27.3,6,1,0,8231,221500
1443,2871,5,3,37,7.1,6,1,0,8904,486000
1444,3134,6,4,23,12.2,3,3,1,12750,500700
1445,1473,3,2,80,28.1,4,2,0,10046,161700
1446,2341,3,2,25,1.2,8,1,0,8353,609700
1447,1346,1,1,53,9.8,5,0,0,3843,174300
1448,1390,3,2,50,8.7,6,1,0,6079,256500
1449,2946,5,3,40,4.7,9,2,0,7993,668200
1450,1897,4,3,48,24.4,6,2,0,10894,218800
1451,2988,5,4,64,7.4,4,2,0,12651,482300
1452,2384,4,3,13,24.2,6,1,0,10369,307600
1453,948,1,1,12,7.3,6,1,0,4646,228600
1454,577,1,1,1,37.7,5,2,1,7724,133100
1455,1789,3,2,71,14.4,6,1,0,7078,241100
1456,1811,3,2,56,33.5,4,2,0,8669,189700
1457,2919,5,4,44,16.6,6,0,1,11503,441700
1458,512,1,1,84,33.6,4,3,0,7411,80300
1459,1986,3,1,65,33.8,4,2,0,8798,195700
1460,2807,5,3,20,2.4,3,2,1,8288,597000
1461,2805,4,3,52,28.6,1,0,0,11953,215700
1462,3219,5,4,29,16.4,6,1,0,10875,451000
1463,2114,3,2,69,20.9,6,0,0,6558,230200
1464,2073,3,2,46,38.4,6,1,0,13940,252600
1465,2451,4,3,66,2.6,5,0,0,6796,492700
1466,1286,2,1,3,34.9,5,2,0,9706,164000
1467,2429,5,4,47,2.9,5,2,0,8010,499700
1468,2613,3,3,27,8.5,5,2,0,5954,409300
1469,1963,2,2,44,12.4,7,1,0,8400,324200
1470,1276,2,1,20,0.5,5,0,0,3658,313600
1471,1054,2,1,4,3.0,4,3,0,3866,280900
1472,778,1,1,7,6.3,6,2,0,3874,205800
1473,2536,6,4,37,29.1,6,2,0,12927,327000
1474,1450,3,2,6,5.2,9,2,1,3245,420200
1475,2241,4,3,50,26.8,7,1,0,10581,277800
1476,1546,2,2,77,31.1,8,1,0,7764,188900
1477,1360,2,1,11,18.6,7,2,0,7662,224700
1478,947,2,2,9,9.1,7,1,0,3688,219100
1479,1200,3,2,7,24.9,8,0,0,8001,217800
1480,2190,3,2,46,31.8,6,2,0,8742,252600
1481,1974,3,3,78,20.8,7,2,0,9539,270800
1482,1132,1,1,51,26.7,5,2,0,7719,122500
1483,2198,3,2,21,31.9,8,1,0,11598,265500
1484,2044,2,2,38,8.0,6,2,0,7422,352300
1485,1297,2,1,50,8.1,5,1,0,6269,197400
1486,3181,5,4,72,35.1,6,2,0,14722,364800
1487,1415,3,3,54,27.4,7,1,0,8167,185000
1488,909,1,1,61,11.8,4,1,0,5065,136700
1489,3037,4,3,64,36.4,5,1,0,15314,304300
1490,1150,1,1,8,5.2,8,2,0,3378,314500
1491,2364,3,2,57,30.0,10,2,0,10662,276500
1492,2511,4,3,57,3.6,6,2,0,5197,495900
1493,1146,2,1,1,2.8,5,2,0,4293,295900
1494,1662,3,1,60,37.0,7,2,0,9696,176600
1495,916,1,1,1,1.8,6,1,0,3090,275700
1496,2345,3,2,32,2.2,8,2,0,4075,600100
1497,2174,4,3,14,8.3,7,2,0,6343,469300
1498,2710,5,4,13,27.4,5,1,0,12967,309000
1499,1953,4,3,20,13.0,8,1,0,5573,332600
1500,2541,4,3,13,38.0,9,2,0,12755,332400
1501,1770,3,2,69,6.3,4,1,0,6296,306300
1502,2634,4,3,6,0.8,6,2,0,9389,698100
1503,2321,5,4,41,6.4,6,2,0,8520,482100
1504,1316,2,1,37,22.8,4,3,0,6323,163900
1505,3010,5,2,58,23.3,6,0,0,11554,290300
1506,1468,2,1,8,1.6,7,1,1,3135,457800
1507,1573,3,2,43,0.6,5,2,0,4502,373900
1508,3288,6,3,47,10.5,8,2,0,10368,520200
1509,1252,2,1,41,18.7,7,0,0,6650,170800
1510,984,1,1,26,2.3,4,2,0,3046,255100
1511,3168,6,4,43,8.5,5,1,0,12118,531800
1512,2408,4,3,15,3.9,6,0,0,7998,558500
1513,2965,5,4,71,20.7,4,0,1,8516,357900
1514,450,1,1,46,23.5,8,2,0,4977,91400
1515,2402,3,1,54,37.3,6,1,0,12647,240000
1516,2205,3,2,39,34.1,5,1,0,9650,235900
1517,1644,3,2,48,24.3,5,1,0,8126,191700
1518,2471,4,2,14,18.7,5,1,0,11589,314200
1519,1308,2,2,26,22.5,8,2,0,8506,213600
1520,2133,4,3,53,25.1,5,0,1,10982,255700
1521,1869,3,2,41,2.9,7,0,0,3848,425100
1522,1590,2,1,85,20.7,5,2,0,8966,188900
1523,1039,2,2,51,19.5,7,2,0,5586,164500
1524,717,2,2,54,6.1,9,1,1,3061,204900
1525,1763,2,1,78,2.2,5,2,0,3704,360500
1526,1704,2,2,32,22.4,4,0,0,8769,193200
1527,2928,5,4,31,35.4,6,2,0,14553,300600
1528,1551,3,2,62,3.3,7,2,0,3058,402400
1529,1642,2,1,72,8.7,6,0,0,4171,243700
1530,2079,5,3,21,13.0,4,0,0,7844,279400
1531,1899,3,1,20,0.7,6,1,1,7024,493500
1532,818,1,1,4,3.3,5,3,0,2624,252800
1533,1339,2,2,59,30.7,7,2,0,9599,178800
1534,1492,2,1,67,31.2,4,3,1,9528,205200
1535,1903,3,3,31,3.9,4,1,0,7374,355900
1536,1615,2,1,51,4.7,7,0,0,3373,317000
1537,2491,5,4,60,38.2,7,1,1,15228,281500
1538,2630,5,3,85,38.4,5,1,0,14928,273100
1539,1789,3,3,71,24.2,4,1,0,10178,199700
1540,1979,4,3,16,0.7,4,2,0,5606,551500
1541,2553,3,3,5,7.5,6,2,0,10237,526700
1542,1942,4,2,82,29.0,5,1,0,8580,215200
1543,1872,3,2,80,5.4,6,1,0,5729,341200
1544,1758,4,2,56,16.6,6,1,0,6523,268200
1545,2784,5,3,17,17.1,4,1,0,10130,354700
1546,450,1,1,62,3.5,6,1,0,2257,109700
1547,1567,3,2,15,6.4,9,2,0,3372,398900
1548,2336,4,4,65,26.2,7,0,0,9500,267000
1549,1584,3,2,52,17.7,5,2,0,7310,207400
1550,1610,3,3,68,2.3,4,1,0,6031,325100
1551,2972,4,2,60,3.5,6,0,0,8976,585100
1552,1859,3,1,1,4.4,6,0,0,3928,386700
1553,1768,4,3,66,37.0,7,2,0,10252,197600
1554,2087,5,3,46,1.1,6,3,0,3041,562200
1555,1197,2,1,63,22.9,8,0,0,5697,158500
1556,1585,3,3,12,4.1,5,1,0,5925,380200
1557,1873,3,3,43,15.5,6,2,0,7636,271000
1558,450,1,1,15,3.4,7,1,0,1759,153500
1559,2760,4,2,48,21.9,6,1,0,9141,345900
1560,1371,2,1,26,34.7,3,0,0,8848,131200
1561,2884,5,3,58,27.1,5,1,0,10684,283700
1562,2018,3,2,1,23.2,5,1,1,11394,280100
1563,1385,2,1,81,8.1,6,2,0,3816,256100
1564,3016,5,4,82,27.2,5,2,0,10756,339100
1565,1977,2,2,30,15.8,7,0,0,8097,290100
1566,2559,5,3,69,18.0,4,2,0,12649,312900
1567,1728,3,3,16,19.7,8,1,0,9612,269200
1568,1101,1,2,80,5.3,7,3,0,2416,257300
1569,1151,1,1,31,22.2,8,2,0,7209,166400
1570,3049,5,3,77,6.6,7,1,0,12543,483400
1571,2434,5,4,78,4.9,7,1,0,9419,538300
1572,1336,2,2,57,27.9,5,2,1,7977,185600
1573,528,1,1,47,22.1,3,3,0,5134,87300
1574,2783,5,4,22,3.0,2,1,0,7928,497000
1575,450,1,1,82,20.2,6,0,0,4576,71500
1576,1614,2,1,40,9.0,8,2,0,6954,326900
1577,2184,4,2,17,0.6,6,2,0,8335,599200
1578,2310,5,3,58,2.3,8,1,0,8301,542500
1579,2314,3,3,29,1.0,3,1,0,6804,513200
1580,1315,2,2,35,32.5,8,1,0,9902,184600
1581,1540,2,1,38,5.5,8,2,0,6224,348000
1582,2629,3,3,1,5.5,4,1,0,6280,520400
1583,1532,3,2,61,36.5,5,2,0,10431,174100
1584,670,1,1,19,5.3,8,1,1,3180,221000
1585,2121,3,2,10,27.0,8,2,1,9858,324200
1586,661,2,1,54,17.5,6,0,0,4181,98400
1587,2721,5,3,48,37.6,3,2,0,15298,250100
1588,2011,4,3,33,27.0,5,2,0,10027,243800
1589,3270,5,4,12,5.7,7,1,0,12026,727800
1590,2885,4,3,77,4.8,5,1,1,9625,550700
1591,2174,4,3,10,37.2,6,1,0,14800,276100
1592,1483,2,1,41,0.7,5,3,0,4211,380600
1593,688,1,1,25,21.8,5,2,0,6475,110400
1594,2789,4,3,70,11.5,6,2,1,12507,422400
1595,450,2,1,76,3.9,4,2,0,1676,137200
1596,701,2,2,20,6.8,6,0,0,3139,167200
1597,1673,3,2,24,34.5,4,2,0,11703,180300
1598,450,1,1,61,0.6,3,2,0,1336,140200
1599,1419,2,1,67,38.2,6,1,0,10295,159200
1600,1298,2,1,41,10.2,6,1,0,4470,190900
1601,1374,3,1,20,9.5,6,0,0,6501,237400
1602,1710,3,2,47,31.0,5,1,0,11845,196900
1603,1343,3,2,32,12.5,4,0,1,5408,222200
1604,1705,4,3,53,13.4,6,1,0,8368,260500
1605,1613,2,1,27,27.9,8,1,0,8031,213900
1606,2203,5,3,77,1.5,6,2,0,6049,508900
1607,450,1,1,68,1.5,5,2,0,1200,112100
1608,1330,2,1,72,28.0,7,2,0,9254,176700
1609,2063,3,2,76,10.5,6,1,1,7982,330600
1610,806,2,2,62,36.9,9,0,0,8976,116200
1611,2706,4,4,64,35.4,6,1,0,16045,285200
1612,2061,3,2,4,25.9,5,2,0,8777,262900
1613,1803,4,2,42,4.5,5,0,0,3477,345500
1614,2089,4,4,25,37.7,7,2,0,10938,295500
1615,1521,2,1,25,27.2,7,2,0,10487,229600
1616,2560,3,2,10,1.2,7,2,0,3979,739200
1617,1910,3,2,2,25.3,5,3,1,7390,283600
1618,1787,3,1,52,29.4,8,0,0,7888,210200
1619,2107,2,1,38,16.1,4,1,0,7926,223200
1620,2093,3,2,22,15.3,5,1,0,6074,270000
1621,2306,4,3,17,15.0,6,2,0,8996,358200
1622,2131,5,4,31,12.5,8,2,0,7753,389800
1623,1659,3,2,81,9.6,5,2,0,7975,278900
1624,1532,3,2,35,1.8,4,2,0,4466,361900
1625,1747,2,2,51,21.0,6,1,0,8963,231300
1626,1327,2,2,15,10.9,8,2,0,5854,267100
1627,450,1,1,82,10.3,9,3,1,3188,146500
1628,1810,2,1,10,1.1,7,2,0,5451,452200
1629,2000,3,3,44,3.4,8,1,0,5647,458100
1630,1681,3,3,40,2.6,7,2,0,4242,401200
1631,1118,2,3,54,3.3,5,0,0,4573,240200
1632,1312,1,1,8,11.6,3,2,0,4380,223900
1633,2503,4,3,80,1.9,5,1,0,7450,496800
1634,1171,1,1,62,29.2,6,2,0,7169,125100
1635,1396,2,3,1,21.6,3,2,0,5801,202700
1636,1594,1,1,23,18.0,5,0,0,7772,226700
1637,2052,4,3,61,37.2,4,1,0,13358,211100
1638,1537,2,1,77,24.5,4,3,0,7724,202200
1639,1135,1,1,21,31.0,5,1,0,8150,123900
1640,1516,2,1,59,1.1,5,1,1,3706,389500
1641,1656,1,2,13,1.5,10,1,0,4378,491500
1642,589,1,1,28,28.4,6,3,0,7209,109500
1643,2403,4,3,44,24.7,3,3,0,11055,246300
1644,1987,5,4,10,1.5,5,2,0,7368,648300
1645,1865,3,2,61,11.2,7,1,0,4887,288500
1646,1852,3,2,31,32.1,7,2,0,11049,220200
1647,1301,2,1,22,10.1,6,2,0,4152,227200
1648,2129,4,3,24,4.5,4,1,0,8895,412000
1649,3019,5,3,1,5.7,5,2,0,11979,530100
1650,2647,4,2,38,10.2,3,1,0,11502,340600
1651,1796,3,2,58,0.6,7,0,0,3475,430300
1652,1255,2,2,57,8.6,8,1,0,4013,249300
1653,2416,4,2,12,3.9,6,1,0,8983,521900
1654,2156,4,3,1,15.0,6,2,0,9685,338800
1655,450,1,1,77,14.5,7,1,0,3515,88300
1656,1957,3,2,74,3.1,4,1,0,6850,345000
1657,1206,2,2,61,4.0,6,3,0,3495,261300
1658,1740,4,3,29,1.7,8,0,0,5721,490400
1659,2326,5,4,50,16.7,5,1,0,6663,323200
1660,1000,1,1,50,30.9,5,1,0,6977,110200
1661,2716,4,3,58,13.0,7,0,0,6853,391200
1662,1915,3,2,81,8.9,4,2,0,6581,307200
1663,450,2,1,50,23.3,4,2,0,5752,78000
1664,1161,2,2,5,25.5,7,2,0,7611,175700
1665,2263,4,2,14,1.0,4,2,0,6127,477300
1666,2654,5,2,82,25.2,10,2,0,13870,419900
1667,2848,4,3,63,17.5,9,1,0,10419,399100
1668,972,1,1,31,21.2,6,2,0,5773,137800
1669,1687,3,2,62,3.9,9,3,0,4356,391400
1670,1581,2,1,73,8.8,4,1,0,6696,227000
1671,1277,1,1,26,27.6,9,2,0,9552,168800
1672,2055,2,2,3,37.4,9,2,0,11907,282900
1673,2327,3,2,8,29.2,5,2,0,11543,261200
1674,2048,4,2,37,9.5,7,1,0,7540,339200
1675,2000,2,2,42,3.9,7,3,0,5939,492500
1676,1123,2,3,12,9.0,7,2,0,3632,275100
1677,450,1,1,81,36.7,5,2,0,7878,69600
1678,2201,3,2,68,9.5,4,0,0,5250,329300
1679,1663,3,2,69,13.6,7,1,0,5113,236200
1680,1381,3,3,78,17.6,4,1,1,7994,199100
1681,2224,3,2,3,21.5,6,1,0,8319,308000
1682,1593,4,2,9,1.9,7,1,0,5895,462700
1683,2465,5,3,24,12.7,7,1,0,7189,390400
1684,1356,2,1,20,28.0,7,1,0,7254,182600
1685,2314,4,2,39,7.6,6,0,0,7441,443100
1686,2283,4,3,53,4.1,5,1,0,6929,524100
1687,3122,4,3,59,1.0,7,0,0,4463,738300
1688,1680,2,1,40,7.0,7,3,0,6325,288700
1689,2287,4,3,25,0.7,7,3,0,3214,538100
1690,1189,2,1,17,2.9,4,1,0,4417,259900
1691,2183,3,2,79,0.8,7,0,0,6462,490900
1692,620,1,1,74,4.6,9,0,0,2697,154500
1693,1621,2,2,49,6.9,6,2,0,4893,320700
1694,751,1,2,37,2.3,6,1,0,1893,191300
1695,1896,3,2,11,0.5,4,1,0,7158,486800
1696,681,3,2,83,8.5,9,2,0,3289,171500
1697,1689,4,2,4,20.0,5,2,0,6246,240700
1698,450,1,1,67,6.1,7,1,0,2284,95700
1699,1559,3,2,38,37.3,4,2,0,11744,161900
1700,1921,3,3,48,8.1,7,1,1,5280,380900
1701,1094,2,2,74,0.7,5,1,0,2304,269600
1702,3433,6,3,31,31.2,5,2,0,17375,376500
1703,2657,5,3,84,0.8,5,0,0,9310,562400
1704,1628,3,1,23,10.6,6,0,0,7897,253300
1705,2998,5,3,55,1.7,4,3,0,7404,616000
1706,723,1,1,44,25.3,4,2,0,6493,103700
1707,2701,4,3,7,1.1,9,0,0,4565,785900
1708,2211,3,1,7,13.8,5,1,0,7001,311200
1709,2596,4,4,28,24.0,4,2,0,11845,295800
1710,1560,2,2,52,36.2,6,1,0,11979,166500
1711,2128,4,3,41,9.8,8,0,1,7272,411100
1712,1465,3,2,6,23.0,7,3,0,6933,227100
1713,1227,2,2,58,10.4,5,2,0,5017,227200
1714,2724,5,3,28,24.7,5,2,1,11360,323800
1715,1944,3,2,63,8.0,5,1,1,5790,322700
1716,579,1,1,15,0.9,6,0,0,1132,195600
1717,2320,4,2,0,3.5,6,0,0,7520,473300
1718,2096,3,2,82,4.1,5,2,0,6750,406700
1719,610,1,1,77,0.9,8,2,0,1039,200300
1720,1459,2,2,31,10.4,5,2,0,7044,249100
1721,1491,2,1,81,6.3,6,1,0,6097,272700
1722,2924,5,4,80,30.8,4,1,0,15655,281600
1723,2454,4,2,13,13.3,6,1,0,11283,400800
1724,1417,3,3,52,28.8,7,1,0,8514,195700
1725,2270,3,3,47,16.0,6,2,0,10999,326000
1726,3309,5,4,32,23.3,4,2,0,9015,358100
1727,1844,2,2,47,4.4,8,2,0,7515,451100
1728,1617,3,2,10,21.5,6,2,0,9320,242900
1729,450,1,1,5,9.0,9,1,0,3144,133000
1730,1813,3,2,59,0.5,7,2,1,3917,473000
1731,1647,2,2,42,16.8,7,1,0,7585,261400
1732,1659,2,1,44,2.0,9,1,0,5242,400800
1733,1732,2,1,49,11.9,5,1,0,5410,220300
1734,2636,4,2,16,26.8,8,1,0,9516,328100
1735,2381,4,3,44,5.0,6,3,0,9687,479900
1736,1679,2,2,34,21.5,6,2,0,6542,228200
1737,1673,3,2,36,38.0,6,1,0,11135,182500
1738,1996,3,3,85,23.1,3,1,0,11167,203700
1739,812,1,1,46,22.2,6,1,0,5595,109900
1740,2292,5,2,32,29.9,7,0,0,11342,263500
1741,1087,2,2,67,1.1,8,1,0,4128,291400
1742,1741,1,1,17,0.5,8,1,0,3981,483600
1743,3302,4,2,65,10.4,3,1,0,9041,412200
1744,450,1,1,57,0.6,7,1,0,758,119400
1745,1444,1,1,50,16.1,6,2,0,5367,195100
1746,2388,4,4,19,0.7,6,1,0,5337,662000
1747,1769,2,2,85,29.5,4,1,0,7725,170100
1748,1688,3,2,26,7.6,3,0,0,3979,288700
1749,1905,3,2,63,25.3,3,2,1,9840,212300
1750,1965,4,3,84,9.7,5,2,0,7608,339400
1751,2694,4,3,67,18.2,6,1,0,8295,332100
1752,1701,3,2,83,0.5,6,1,0,6035,448300
1753,2973,4,2,78,30.3,4,1,0,12189,257700
1754,1860,3,3,14,8.0,4,2,0,4209,366000
1755,2368,4,3,81,20.7,8,1,0,9033,362900
1756,1451,2,1,69,7.4,6,2,0,3521,262900
1757,2481,4,3,79,3.0,6,0,1,6247,509800
1758,1946,3,2,47,12.7,5,1,0,7991,294000
1759,2391,3,2,49,20.5,3,1,0,8571,258700
1760,1315,1,1,22,6.6,9,1,0,5673,285400
1761,1615,3,2,47,29.8,6,2,1,9845,224000
1762,1840,3,2,66,1.5,10,1,0,5354,534900
1763,1775,2,2,59,2.9,8,2,0,4615,451400
1764,1270,2,2,19,12.5,4,0,0,6334,196200
1765,2753,4,3,42,4.3,7,0,1,7428,555400
1766,1254,2,1,42,13.4,8,0,0,6738,169000
1767,2969,5,4,32,34.5,8,1,0,13253,376000
1768,2148,3,2,74,21.0,7,0,0,10201,261200
1769,1194,2,2,83,3.6,5,1,0,4881,267400
1770,2212,3,1,18,16.3,6,3,0,7395,328700
1771,1647,3,2,13,7.7,7,3,0,6919,345400
1772,2353,4,3,15,4.3,8,1,1,4619,610300
1773,1306,3,2,6,25.7,5,0,0,6529,193500
1774,985,1,2,60,11.1,8,1,0,5235,187500
1775,2719,4,3,66,24.2,7,1,0,12465,316600
1776,2311,3,2,10,19.4,8,1,0,6854,339300
1777,1827,4,4,51,30.8,6,3,0,10347,232600
1778,2988,6,4,61,4.2,6,1,0,8155,621300
1779,1804,2,2,52,18.1,4,2,0,6910,229000
1780,1284,2,2,25,36.6,7,1,1,10161,187300
1781,2490,3,2,78,2.7,5,1,0,4723,510200
1782,700,1,1,5,3.6,4,2,0,2276,217700
1783,3170,5,3,46,21.3,7,1,0,9066,435100
1784,2585,4,3,53,26.1,3,2,0,13079,300100
1785,1041,1,1,9,18.8,5,1,0,5558,170200
1786,2473,4,2,18,0.8,7,1,0,5381,605900
1787,1926,4,3,58,26.9,7,2,0,7989,250200
1788,1732,4,2,43,32.6,3,1,0,9869,170600
1789,2102,4,2,83,2.8,7,2,0,4394,463300
1790,2134,2,2,31,3.0,7,1,0,7435,527100
1791,1734,3,3,2,3.8,6,1,0,4386,449700
1792,1701,2,1,40,28.6,4,2,0,8340,174900
1793,2134,3,2,60,8.1,6,0,0,7142,337100
1794,3036,6,4,81,0.9,6,0,0,10567,682600
1795,1987,4,3,64,28.4,3,2,0,11939,220500
1796,2439,4,2,60,1.6,3,2,0,8452,460700
1797,1999,3,2,61,12.2,5,0,0,9478,256500
1798,1956,2,2,83,35.9,7,2,0,10841,228100
1799,2930,5,4,1,2.9,7,2,0,8866,708900
1800,1926,3,2,35,9.4,7,0,0,4211,289000
1801,1347,3,3,9,5.7,2,0,0,4600,267700
1802,1237,1,1,6,1.7,7,1,0,4196,322000
1803,2065,3,2,50,15.4,5,1,0,8917,247400
1804,2548,3,2,11,17.9,6,2,0,10748,306000
1805,1251,1,1,52,32.3,5,0,0,8987,126200
1806,1396,2,1,60,1.2,6,3,0,5287,324800
1807,2126,4,3,55,3.4,5,0,0,5928,404300
1808,882,2,2,71,31.8,8,2,0,8880,121900
1809,1464,2,2,13,23.4,5,2,0,6746,196500
1810,1989,2,1,68,25.8,4,1,1,8175,229500
1811,1768,2,1,83,27.1,6,2,0,8826,200400
1812,979,2,1,42,11.2,5,2,0,4570,174600
1813,2129,3,3,61,13.7,8,2,0,9305,359300
1814,1285,2,1,43,1.3,6,0,0,3783,305300
1815,1099,3,2,81,0.6,6,1,0,1639,299200
1816,1785,3,1,79,27.2,4,2,0,10016,184200
1817,2483,4,3,67,23.4,6,1,0,13310,284600
1818,1145,1,1,82,25.0,5,2,0,6015,128300
1819,1202,1,1,1,16.2,6,1,1,5762,208000
1820,3690,5,4,80,3.0,6,2,0,11357,816900
1821,2001,3,2,41,17.1,7,1,0,6712,254100
1822,1246,2,1,65,21.7,3,3,0,7853,146000
1823,1201,3,2,78,2.9,5,1,0,2476,259300
1824,1802,2,2,14,18.4,6,2,1,7239,266800
1825,1738,3,3,9,6.6,7,1,0,3451,400400
1826,1540,2,2,54,1.5,6,2,0,4872,350600
1827,1074,2,2,70,28.4,4,0,0,6887,106200
1828,2443,5,3,43,1.4,7,1,0,6369,608200
1829,1283,2,2,77,2.6,5,1,0,5107,303800
1830,623,1,1,67,24.9,4,0,0,5300,78300
1831,1669,3,2,64,9.2,5,2,1,6491,291200
1832,1419,2,2,28,33.4,4,2,0,7938,168200
1833,2380,4,3,0,2.7,3,0,1,8135,473000
1834,2243,4,2,22,22.9,6,2,0,8516,275900
1835,1831,3,2,48,8.6,5,1,0,5445,306700
1836,881,3,2,34,38.4,5,0,0,8084,112600
1837,1789,2,1,75,9.8,4,2,0,4560,268400
1838,2086,4,3,37,5.9,7,2,0,5541,470800
1839,702,1,1,43,31.0,7,2,0,7036,103100
1840,1592,3,2,25,26.5,5,1,0,9829,202700
1841,977,1,1,37,11.4,4,2,1,4536,177400
1842,2023,4,2,17,13.7,6,1,0,8973,317600
1843,1852,2,1,33,24.2,8,1,0,6803,244700
1844,1953,4,3,46,30.1,5,1,1,11545,247200
1845,1454,2,2,56,33.5,6,2,0,8830,192900
1846,2144,4,3,29,28.5,6,1,0,9207,263000
1847,1544,2,1,62,4.2,6,1,0,3845,272000
1848,1571,4,3,67,24.7,3,1,0,10367,186800
1849,543,1,1,25,28.5,4,2,0,6423,88900
1850,3017,5,3,81,2.6,5,1,0,5963,592400
1851,1770,3,2,6,35.4,4,1,0,10777,209700
1852,1515,1,1,54,9.4,6,3,0,6267,231700
1853,2150,4,4,68,16.6,6,2,1,9130,334700
1854,768,2,2,77,18.1,7,0,0,4456,119400
1855,982,2,1,49,5.5,7,1,0,3583,215900
1856,1914,3,1,55,25.6,4,1,0,10022,192800
1857,1518,3,2,79,16.8,4,1,0,8145,201400
1858,1444,2,2,1,22.5,6,1,0,8436,231500
1859,3006,5,3,26,9.4,2,0,0,10126,400800
1860,2085,3,2,18,3.2,3,2,0,4974,410300
1861,1932,2,2,82,24.4,7,0,0,8481,257500
1862,1041,1,1,49,0.5,6,2,0,2334,271500
1863,3017,5,4,39,0.5,4,1,1,9765,784000
1864,2919,5,3,25,37.2,8,1,0,13505,366200
1865,1329,2,2,72,20.5,6,1,0,6216,177700
1866,2057,3,2,45,13.8,4,1,1,7054,263900
1867,2698,3,2,67,5.6,8,0,0,11089,522400
1868,3098,5,3,78,30.7,6,2,1,15633,341100
1869,1627,3,2,61,24.5,4,1,0,9913,178100
1870,1132,2,1,67,29.8,6,2,0,8848,140000
1871,2743,5,2,22,3.1,3,1,0,8096,507200
1872,2951,5,3,14,0.8,6,1,0,10834,801400
1873,3716,5,2,17,0.7,6,1,0,4972,817300
1874,1936,4,2,77,0.6,7,1,0,2751,454200
1875,1094,2,2,67,2.6,6,2,1,3402,262400
1876,2950,5,3,67,1.7,5,0,0,4293,555400
1877,2207,4,3,75,0.6,5,1,1,7101,547900
1878,1337,2,1,3,3.7,4,1,0,2474,275800
1879,1905,3,2,48,11.6,5,0,0,6496,265000
1880,4139,6,4,77,0.8,7,1,0,15702,938000
1881,2500,5,3,39,1.5,8,3,0,9068,672900
1882,1587,3,3,13,2.0,7,1,0,5975,450100
1883,1177,1,1,59,10.8,7,1,0,4155,200900
1884,3054,6,4,20,3.3,2,1,0,9543,573800
1885,627,2,1,80,6.8,4,1,0,2660,134700
1886,2218,4,3,4,35.4,8,1,0,9307,290800
1887,2598,4,3,28,2.7,5,2,0,5271,523600
1888,2338,4,2,33,23.1,5,2,0,7900,272900
1889,4028,6,3,75,34.1,8,2,0,12569,474700
1890,2283,4,2,75,1.5,6,0,0,4326,438800
1891,2029,3,3,36,2.0,7,2,0,3349,447600
1892,1656,3,2,9,2.5,8,0,0,4751,454800
1893,1739,3,2,62,3.1,6,1,0,3086,323500
1894,2140,3,3,7,3.4,3,1,1,4159,467500
1895,2114,2,2,73,0.7,6,0,1,4107,539500
1896,2361,3,2,51,4.2,8,0,0,4883,453000
1897,1104,2,2,76,12.4,4,2,0,3811,176100
1898,2461,5,3,63,24.6,9,1,0,9956,357600
1899,1499,3,2,84,15.3,4,1,0,6463,173900
1900,1063,1,1,8,2.7,7,2,0,2663,276700
1901,1008,2,2,27,5.3,6,2,0,3923,252300
1902,1711,3,3,78,23.6,7,1,0,10733,220900
1903,1498,3,2,53,19.0,5,1,0,7115,182600
1904,611,1,1,6,1.9,5,2,0,2107,218500
1905,1512,3,3,33,12.2,7,0,0,6316,263600
1906,874,2,3,65,6.5,6,2,0,3879,201500
1907,2103,4,3,51,13.7,3,1,0,7218,245000
1908,450,1,1,38,28.7,6,2,1,6414,104400
1909,1484,4,4,0,20.4,5,0,0,7442,229500
1910,1621,2,2,83,26.8,7,2,0,9278,188700
1911,3206,6,4,6,8.9,3,3,0,7386,524800
1912,2327,3,2,40,36.8,7,1,0,10615,263900
1913,644,3,3,54,17.2,5,0,0,4887,121400
1914,1946,4,2,62,37.1,8,1,1,13499,246800
1915,3140,5,3,73,5.0,6,2,0,12399,692500
1916,2293,3,2,55,3.9,3,1,0,5980,426500
1917,1856,4,3,35,30.1,5,1,0,8409,214500
1918,1951,3,1,22,5.7,5,1,0,7003,349900
1919,1577,3,3,70,28.4,7,3,1,7544,241700
1920,1382,1,1,37,31.4,5,2,0,7541,145200
1921,1635,2,2,7,1.2,4,1,0,5363,418600
1922,2240,3,2,63,2.3,10,2,0,5370,588700
1923,2053,4,3,31,26.0,6,1,0,8737,257400
1924,1606,3,2,40,20.7,6,2,0,8647,209300
1925,1709,3,2,54,30.9,5,0,0,11620,183000
1926,1295,2,2,25,1.6,7,3,0,2657,376600
1927,1302,1,1,76,9.1,6,2,0,3838,230100
1928,1412,3,2,43,13.1,3,0,0,4374,197700
1929,1125,1,1,81,7.6,6,1,1,5643,228200
1930,2079,3,1,51,7.0,3,1,0,7181,299800
1931,2507,5,3,15,26.9,4,1,0,9296,290400
1932,1466,3,3,16,9.9,7,3,1,6426,337300
1933,1555,2,1,34,1.3,5,3,0,4654,359500
1934,1569,3,2,67,14.7,7,2,0,8122,241100
1935,1358,3,2,71,17.5,6,2,0,7477,181700
1936,1055,2,1,72,24.8,8,1,0,8097,137600
1937,1468,4,3,32,13.5,5,1,0,4733,223800
1938,2339,5,4,22,21.0,8,1,0,9759,341800
1939,2243,4,3,38,22.2,8,1,1,12338,313000
1940,1786,3,1,84,27.1,6,2,0,9534,204300
1941,2773,4,3,83,5.4,5,2,0,5528,516900
1942,1811,3,2,50,19.2,7,1,0,7039,243500
1943,2444,5,3,53,5.3,7,2,0,7698,545400
1944,2091,3,2,60,11.8,8,1,0,5471,328500
1945,1766,3,3,55,1.1,6,1,1,2743,403800
1946,2336,4,2,43,22.8,5,2,0,12798,278700
1947,1552,3,4,67,7.2,8,1,0,5778,351400
1948,1339,3,2,9,25.6,9,2,0,7202,224500
1949,1532,3,3,37,5.3,2,1,0,5132,278400
1950,2419,3,2,80,27.3,4,3,0,12246,234000
1951,1643,2,2,73,9.1,7,1,0,5991,292500
1952,979,1,1,13,18.5,7,1,0,5641,148500
1953,1830,2,2,79,4.6,4,2,0,5573,358900
1954,1042,2,1,20,1.1,5,2,0,2030,289100
1955,1826,3,1,78,35.3,6,2,0,12734,195600
1956,1528,2,2,61,2.1,8,3,0,2457,342400
1957,1846,3,2,67,25.6,6,2,0,11419,225200
1958,1591,3,2,2,13.3,8,1,0,8058,310400
1959,2726,3,2,14,10.2,4,1,0,11242,402900
1960,1922,3,1,70,5.5,5,3,0,5890,365700
1961,3316,5,4,39,6.8,5,0,0,5707,578200
1962,2175,4,2,13,8.3,7,3,0,6595,428300
1963,1332,2,1,63,18.3,8,1,0,6446,193400
1964,2144,3,3,81,19.4,3,2,0,8422,247600
1965,2308,4,2,74,6.2,5,2,0,8504,383000
1966,1806,3,3,57,24.3,4,2,1,7535,226300
1967,1714,3,3,37,0.5,4,2,0,2420,418100
1968,2034,2,2,31,15.5,5,2,0,8546,305100
1969,1614,2,1,81,0.5,6,2,0,4355,389300
1970,1299,3,2,27,18.0,4,2,0,5320,194100
1971,2353,4,3,26,21.0,7,1,0,9378,332500
1972,2164,3,4,78,12.9,5,0,1,8256,296600
1973,2243,4,3,54,26.5,6,1,0,9198,270800
1974,2314,4,3,45,10.3,6,2,0,6890,398300
1975,1832,2,1,26,5.2,10,2,1,3909,456500
1976,869,2,2,68,28.6,4,3,0,7929,104100
1977,1673,3,2,14,21.1,4,0,0,7310,203800
1978,843,1,1,82,13.5,8,1,0,5583,124600
1979,1586,2,1,59,2.7,7,2,0,5176,373300
1980,1057,1,1,84,6.2,6,1,0,4740,174100
1981,2194,4,2,26,31.8,6,0,0,8942,229700
1982,1677,3,2,67,11.0,6,0,0,6602,266700
1983,2387,4,2,18,9.9,5,1,0,10346,365800
1984,2389,4,3,60,4.2,5,2,0,7585,480300
1985,1778,3,2,85,2.2,6,0,0,6921,386500
1986,2106,2,2,27,7.0,6,0,0,8135,358000
1987,803,1,1,76,21.9,5,1,0,6798,108000
1988,1859,4,3,1,2.6,9,3,0,5219,603000
1989,2092,2,1,73,0.7,6,1,0,3549,462500
1990,1260,1,1,54,17.9,4,2,0,5209,167900
1991,1631,2,2,73,7.9,5,1,0,6766,267400
1992,2757,5,3,36,3.0,6,0,0,5788,579700
1993,1853,3,3,81,19.2,8,2,1,8906,331400
1994,2303,3,3,32,6.3,5,2,0,4850,394200
1995,1217,2,1,49,23.6,4,2,0,7628,160300
1996,1946,3,2,32,30.8,6,2,0,12299,248500
1997,2320,4,3,68,16.1,7,3,1,8976,356800
1998,2065,3,2,80,33.6,5,1,0,12612,200000
1999,1691,3,3,19,22.5,7,2,0,9097,252500
2000,2026,4,3,83,19.1,7,2,0,9626,297700
2001,2264,5,3,72,30.0,5,1,1,8392,258800
2002,1725,4,2,69,35.5,6,1,1,12540,229000
2003,1491,2,1,36,23.7,7,1,0,9081,196300
2004,3053,6,3,5,24.9,7,1,1,12581,402100
2005,2251,4,3,75,24.9,6,1,0,11007,300800
2006,2434,5,3,47,37.9,5,0,0,15538,236900
2007,2441,4,2,58,20.7,8,3,0,8644,339400
2008,608,1,1,26,9.2,7,2,0,2742,138900
2009,2275,4,2,0,35.2,4,2,0,10086,260900
2010,1818,4,2,72,18.4,8,1,0,6790,259000
2011,1232,2,3,72,15.9,6,2,0,7520,211200
2012,2724,4,3,5,4.4,6,1,0,7653,621600
2013,1907,3,2,15,32.6,7,1,0,8829,241000
2014,2112,3,2,10,33.9,7,1,0,11051,244500
2015,1294,2,2,5,6.9,5,2,0,3829,289400
2016,2806,5,3,29,10.9,7,2,0,12039,529100
2017,1922,2,2,58,9.4,5,0,0,7510,273000
2018,2414,4,3,16,10.7,9,1,0,8986,493500
2019,2215,3,3,73,25.0,7,0,0,11604,255900
2020,872,2,2,20,2.1,5,2,0,2524,276800
2021,2016,4,3,83,8.4,5,2,1,7410,409800
2022,832,1,1,73,20.3,7,0,0,6760,120400
2023,1004,2,2,67,15.7,6,3,0,5108,161100
2024,727,1,1,18,34.6,5,1,0,7911,104600
2025,1889,3,1,64,27.6,6,3,0,7919,222700
2026,1272,2,1,73,16.6,4,1,0,7807,149400
2027,1173,2,2,48,21.4,6,0,0,8010,159000
2028,2426,4,3,29,10.4,6,0,0,10506,401800
2029,1858,3,2,29,7.7,8,2,0,8341,389500
2030,2836,5,3,55,26.2,7,1,0,13700,335500
2031,1418,3,1,27,3.9,6,0,0,2929,289100
2032,808,1,1,1,35.9,5,1,0,8017,118200
2033,1067,1,1,13,0.6,6,1,0,3710,331600
2034,927,2,2,53,2.1,10,2,0,3288,278000
2035,2433,4,2,33,20.1,6,2,0,7147,290500
2036,2168,4,3,24,9.9,3,0,0,6834,339000
2037,1292,3,2,29,16.3,5,1,0,5022,205000
2038,1083,2,1,38,31.9,5,0,0,8446,107700
2039,2095,3,1,50,4.1,5,0,0,4208,365200
2040,2787,5,2,12,1.7,3,3,0,7464,581300
2041,2478,3,2,51,14.1,6,3,0,11406,302500
2042,1424,2,2,67,21.2,10,3,0,7490,232800
2043,2978,6,4,72,16.4,3,1,0,8136,354500
2044,1903,3,2,83,0.5,5,2,0,6323,421900
2045,2431,4,4,30,27.3,6,3,0,12133,314100
2046,1436,3,2,60,4.2,6,2,1,3844,357200
2047,2094,3,2,12,10.2,7,2,0,9055,389300
2048,1385,1,1,46,22.7,7,2,0,6648,190900
2049,3090,5,4,53,5.9,10,1,0,8701,692100
2050,2157,3,2,5,34.4,4,1,0,12058,226700
2051,2471,5,3,31,7.6,9,1,1,4812,564700
2052,2066,3,2,56,25.0,5,2,1,9064,224800
2053,2618,3,2,19,6.5,3,2,0,6634,445700
2054,2681,5,3,61,3.5,6,2,0,10248,533100
2055,2829,5,3,24,10.1,3,2,0,10247,365500
2056,1511,3,2,53,15.5,7,2,0,7348,236000
2057,1764,2,2,11,1.0,7,1,0,4596,465800
2058,2798,4,2,81,37.0,4,0,0,16212,248000
2059,1343,2,1,15,1.3,6,1,0,2057,336800
2060,2075,4,3,52,4.7,6,0,0,7330,386200
2061,1683,2,1,26,3.8,8,1,0,2944,405900
2062,2201,3,3,3,34.5,6,2,0,10663,226800
2063,1422,2,2,24,7.7,7,2,0,6153,337100
2064,833,2,2,33,10.9,6,1,0,3911,175500
2065,2450,4,4,71,11.6,8,2,0,8020,410700
2066,2225,3,3,71,2.8,6,2,0,6867,502800
2067,2416,4,3,60,20.9,6,3,0,12814,319900
2068,2703,4,3,23,27.3,6,1,0,10645,359100
2069,1910,3,3,13,24.9,7,1,0,7315,287600
2070,1941,3,3,82,24.5,1,1,1,8821,210500
2071,490,2,2,38,4.2,7,1,0,1596,153200
2072,2160,4,2,72,19.7,7,0,0,10056,286000
2073,2013,4,3,65,1.1,8,2,0,3748,564200
2074,2123,3,3,82,5.3,5,0,0,6307,370100
2075,1907,3,2,40,6.4,5,3,0,4537,414900
2076,1765,3,2,67,3.8,7,3,0,4240,389100
2077,1797,3,2,49,9.5,5,1,0,5910,315600
2078,2285,3,2,48,7.3,5,1,0,8521,382200
2079,2026,2,1,78,38.0,6,1,0,14095,212000
2080,970,1,1,16,33.1,6,2,0,9051,133800
2081,2113,4,3,56,28.8,5,0,0,8704,234500
2082,1566,2,2,13,9.1,10,0,0,6289,350900
2083,2408,4,2,60,31.8,7,1,0,9150,270600
2084,2509,4,4,26,12.8,7,0,0,9308,408400
2085,2958,4,3,53,5.8,6,1,0,5758,524300
2086,2546,5,4,43,9.4,8,1,0,10584,513500
2087,2150,3,2,9,17.0,7,2,0,9197,277700
2088,1997,4,3,7,12.5,6,1,0,4881,353300
2089,1831,3,2,76,27.1,7,1,0,11434,224800
2090,2196,4,3,25,34.7,7,0,0,11557,268400
2091,2571,4,3,14,7.6,9,1,0,8785,596700
2092,2190,3,1,15,0.5,9,3,0,5254,671100
2093,783,1,1,37,19.8,6,0,0,5643,92000
2094,1182,2,2,29,27.2,6,1,1,7363,175700
2095,1823,4,3,60,0.5,5,0,0,5818,485600
2096,989,2,1,55,5.9,9,1,0,3711,238500
2097,2268,4,2,48,21.8,4,0,0,12237,234200
2098,1337,2,2,4,0.5,5,2,0,5102,415900
2099,2104,4,3,13,31.0,4,1,0,9919,264500
2100,1564,2,2,65,6.9,6,1,1,4221,327100
2101,710,3,3,45,30.9,5,1,0,7224,108100
2102,1795,3,3,55,7.5,10,1,0,4171,424500
2103,2852,4,2,81,8.1,7,0,0,9542,455900
2104,1670,2,1,69,2.4,9,1,0,6756,467400
2105,1543,3,2,30,27.7,9,2,0,10781,225900
2106,2100,3,3,11,22.2,5,0,0,9796,245200
2107,2547,4,2,59,11.7,7,2,0,10304,375600
2108,2023,3,2,9,13.7,6,3,0,9576,315100
2109,1968,3,3,0,17.2,6,1,0,8247,324700
2110,1283,2,2,52,8.3,6,1,0,3869,249500
2111,2525,5,4,32,6.6,6,0,0,5019,451200
2112,1040,2,1,44,3.7,5,3,0,3019,248200
2113,2015,3,1,63,13.6,8,1,1,5876,324200
2114,450,1,1,20,2.4,5,1,0,1628,142000
2115,2706,5,3,16,37.4,8,2,1,13680,410800
2116,1328,2,1,32,1.6,5,1,0,4495,276600
2117,2425,5,3,77,3.8,8,2,0,7310,560600
2118,1706,3,3,36,12.1,6,1,0,7009,302200
2119,881,2,1,12,10.6,7,2,0,3677,195000
2120,2269,4,2,38,13.5,6,2,0,9838,324300
2121,1715,4,3,29,14.3,8,2,0,7957,326400
2122,3039,4,2,10,28.2,3,1,0,10226,274500
2123,710,2,1,44,5.3,6,2,0,2527,186900
2124,1743,3,2,39,7.6,8,1,0,6411,364600
2125,2119,4,3,62,17.2,4,1,0,6780,261500
2126,1856,3,2,67,2.8,8,1,1,7409,464500
2127,2975,5,2,41,8.2,8,1,1,7506,581700
2128,1671,3,1,33,23.9,6,2,1,7999,227700
2129,1893,2,1,21,35.0,6,2,0,10627,213400
2130,1145,1,1,62,1.6,7,1,0,1980,239900
2131,2325,4,3,65,25.5,6,1,0,8697,289500
2132,2097,4,3,13,27.0,5,1,0,12132,270300
2133,2160,3,1,3,5.1,7,2,0,5163,488100
2134,527,1,1,36,1.9,6,1,0,2037,156300
2135,2061,3,3,29,10.8,4,0,0,6638,309800
2136,2345,3,3,5,11.5,4,3,1,10378,415900
2137,1802,3,2,52,31.4,8,1,1,8338,241500
2138,2990,5,3,67,6.1,5,0,0,6982,532700
2139,1589,3,2,24,5.8,5,2,1,3531,376100
2140,3065,6,4,85,36.1,4,1,0,11072,304400
2141,1514,2,2,13,6.7,8,1,0,6035,366500
2142,1629,1,1,73,2.9,9,0,0,3826,365800
2143,2214,3,2,73,15.4,7,2,0,11072,316000
2144,1879,2,2,11,16.7,6,1,0,6810,284900
2145,2435,4,3,21,3.8,5,1,0,5473,517600
2146,2304,3,3,8,23.3,7,2,0,8187,286500
2147,1384,2,2,54,3.6,10,3,1,5365,392800
2148,2456,3,2,7,25.0,10,1,0,12949,323800
2149,2759,5,4,18,13.7,8,2,0,7168,466600
2150,1821,2,2,61,19.7,7,1,0,10323,231700
2151,2040,3,2,53,27.5,7,1,0,9648,226000
2152,3307,5,3,28,8.6,5,3,0,13281,554700
2153,1860,3,3,15,24.2,7,1,0,8068,285800
2154,1556,3,2,49,24.6,4,1,0,7251,171000
2155,1754,2,2,52,17.2,5,2,0,5426,240300
2156,2966,5,3,26,37.5,7,1,0,11207,354300
2157,2669,4,2,67,35.3,7,2,0,15965,306000
2158,1604,2,1,59,33.1,5,1,0,9833,164200
2159,874,2,2,14,1.2,1,0,1,3021,251300
2160,622,2,2,9,8.1,5,2,1,3036,217600
2161,1307,2,1,41,22.2,5,2,0,6986,158600
2162,2225,4,3,5,8.3,6,2,0,7260,455700
2163,1321,2,1,46,0.8,7,1,0,3280,359300
2164,1686,3,3,54,7.1,4,2,0,3624,282800
2165,2213,4,3,59,18.8,8,2,0,6520,326200
2166,1648,2,2,5,9.6,6,0,0,4391,315100
2167,814,2,1,42,7.7,6,2,1,3654,208900
2168,1662,2,2,30,11.6,5,0,0,5015,221900
2169,570,1,1,24,3.5,5,2,0,1956,188400
2170,737,1,1,10,19.4,10,1,1,6256,174000
2171,1251,2,2,65,2.3,6,2,0,5113,304300
2172,2860,4,2,27,0.9,8,2,0,6390,758300
2173,1765,3,2,65,18.5,6,0,0,6798,211400
2174,2098,3,2,38,9.2,7,2,0,8829,423900
2175,1413,3,1,30,14.6,5,3,0,6349,231900
2176,2394,4,2,10,1.7,5,2,0,7721,594100
2177,2043,4,2,49,2.1,8,2,0,6335,495200
2178,2126,3,1,49,16.5,5,1,0,8982,283000
2179,1301,2,2,50,12.2,6,2,0,6917,231600
2180,1633,3,2,21,4.7,4,1,0,5240,302300
2181,2416,4,3,30,13.0,6,1,0,8429,383300
2182,1264,2,1,83,26.2,6,1,0,8829,162000
2183,2885,5,4,42,3.4,6,2,0,10740,635000
2184,1872,3,2,8,6.5,6,1,0,8253,414100
2185,841,1,1,56,23.7,6,1,0,5861,102500
2186,2707,4,2,32,9.3,6,2,0,7735,439000
2187,971,3,3,17,7.7,6,2,1,4258,277100
2188,2251,4,3,84,6.6,4,1,0,8388,400400
2189,1635,3,2,61,4.6,4,1,0,3346,289700
2190,1647,2,2,73,15.9,6,2,0,5966,218500
2191,450,1,1,27,30.5,7,2,0,6500,83500
2192,2477,5,3,73,5.4,8,3,0,8502,576800
2193,1066,2,2,72,31.2,10,1,0,9497,169900
2194,1468,2,1,24,0.8,8,0,0,2561,368500
2195,1144,2,2,78,13.4,3,2,1,6525,189200
2196,2936,5,2,41,3.0,4,1,0,4489,471600
2197,1473,1,1,42,19.5,7,1,0,6860,196200
2198,1194,3,2,46,10.1,7,1,0,5195,252000
2199,2719,4,3,23,11.5,10,1,0,7471,484500
2200,2460,4,3,53,37.5,7,1,0,13472,290800
2201,2171,3,2,36,35.6,7,1,0,13892,248300
2202,1696,2,2,29,37.1,6,0,0,11697,194000
2203,1523,3,1,44,38.2,4,0,0,10886,144100
2204,2001,4,3,60,1.3,9,2,0,5590,572900
2205,1902,2,1,70,0.6,6,1,0,6661,414400
2206,2372,4,2,81,13.3,9,3,0,7209,441800
2207,2648,4,2,35,1.9,6,0,0,8924,628000
2208,2544,4,3,36,19.1,4,1,0,11809,286600
2209,1536,3,1,30,2.3,6,1,0,4171,367100
2210,2254,4,3,54,1.0,8,0,0,3474,556400
2211,1741,2,1,46,15.7,5,1,0,8515,191400
2212,2459,4,3,53,25.3,6,1,0,10717,278400
2213,1773,3,2,76,33.7,3,0,0,10510,165900
2214,2243,4,3,3,6.3,6,1,0,7819,490600
2215,2173,3,2,52,1.0,5,1,1,5166,536500
2216,2454,4,2,29,6.7,4,0,0,4910,408600
2217,1887,4,3,28,35.8,5,2,0,10922,239100
2218,1656,3,2,55,6.9,5,2,0,5752,299900
2219,1430,3,2,26,11.9,9,1,0,4113,295000
2220,2967,4,2,80,0.8,6,1,0,7654,612500
2221,1867,4,3,21,16.8,8,2,0,6140,318400
2222,1671,3,2,78,35.1,8,1,0,10437,206600
2223,2095,3,2,25,2.8,7,2,0,8067,453300
2224,1970,5,3,27,7.8,6,1,0,4920,415500
2225,2117,3,3,25,28.6,4,2,0,9042,250100
2226,2660,5,3,41,14.3,4,0,0,11031,328400
2227,2775,5,4,83,4.1,5,3,0,8512,576900
2228,2332,4,2,56,0.9,5,1,0,6999,488500
2229,1091,2,1,19,0.5,7,2,0,3805,326300
2230,2433,4,3,37,12.8,8,0,1,11024,400900
2231,1480,3,2,63,14.7,8,0,1,7105,245500
2232,2207,3,2,12,23.2,5,0,1,11350,277800
2233,1521,2,2,70,36.8,6,2,0,10214,192300
2234,1820,3,2,45,6.4,7,1,0,6710,377000
2235,2447,4,3,55,37.5,4,2,0,10070,234000
2236,1780,2,1,66,35.4,6,0,0,9117,188100
2237,2536,3,2,77,6.7,7,1,0,7873,427500
2238,1112,2,1,59,8.4,4,2,1,4841,196200
2239,680,1,1,20,13.5,5,1,0,4284,122800
2240,1899,3,1,85,2.2,5,3,0,7270,382900
2241,1969,4,2,25,28.6,8,1,1,10783,289900
2242,2267,4,3,46,12.2,6,2,0,5364,356700
2243,1343,3,3,77,19.0,9,1,0,7592,210500
2244,1271,1,2,51,23.9,9,1,0,7368,176600
2245,1843,4,4,32,16.9,8,1,0,6214,306600
2246,2451,4,2,51,12.7,7,1,0,10372,365600
2247,1418,2,2,82,23.5,5,1,0,7111,157400
2248,1299,3,2,49,35.6,9,2,0,8309,179100
2249,1287,3,3,81,18.5,6,3,1,7709,259300
2250,1501,3,3,14,23.5,8,2,0,8705,265000
2251,2276,3,2,19,8.2,3,1,0,8285,365800
2252,1801,3,2,76,5.0,6,1,0,5874,383700
2253,1710,3,3,35,2.4,4,1,0,6683,388200
2254,1586,3,3,37,30.5,5,1,0,8315,217200
2255,1107,2,2,64,34.0,9,3,0,8754,168700
2256,2477,4,3,39,22.6,8,0,0,11956,335600
2257,1977,3,2,29,1.5,6,1,0,5244,506100
2258,2413,3,2,48,32.7,6,1,0,12900,271000
2259,2851,5,3,30,28.7,9,0,0,9269,352600
2260,2220,5,4,81,5.4,4,2,0,9343,426700
2261,1381,3,2,64,20.1,7,3,0,7828,214300
2262,1015,2,1,4,15.5,8,2,0,6508,206700
2263,1430,2,1,35,2.9,9,1,0,4689,394500
2264,1842,2,1,54,1.5,7,2,0,5687,402100
2265,2146,3,1,53,3.9,7,1,0,8034,436900
2266,1673,3,2,80,5.2,5,2,0,4885,325400
2267,1868,3,2,70,2.6,6,1,1,4773,485700
2268,1887,3,1,42,25.8,7,2,0,9025,237000
2269,2017,4,2,76,19.3,7,1,0,8574,287500
2270,1141,2,2,85,1.0,7,2,0,4468,325300
2271,1651,3,3,30,4.9,5,0,0,6625,332500
2272,2283,3,3,9,5.1,9,1,0,3917,561800
2273,2409,3,2,14,7.6,8,0,0,5611,467000
2274,2712,6,4,66,17.8,5,3,0,9113,357200
2275,1101,1,1,48,5.5,6,0,0,4027,192600
2276,2962,4,3,23,37.4,8,2,0,12058,383200
2277,2229,4,3,30,27.9,8,1,0,12215,283900
2278,1933,3,3,40,29.9,3,2,0,8848,198000
2279,857,2,2,35,16.4,6,1,1,4519,181600
2280,1215,3,2,83,8.6,6,1,0,4192,212600
2281,2219,4,3,40,28.2,6,2,0,9225,267200
2282,1769,3,2,50,0.8,7,3,0,3778,520400
2283,2322,2,1,44,4.7,8,2,0,8122,438300
2284,1865,3,2,52,9.2,4,2,1,6044,351300
2285,2563,6,4,55,24.9,8,1,1,13563,404300
2286,2239,4,3,52,16.3,8,2,0,7889,303500
2287,2225,3,2,59,18.6,6,1,0,10440,287600
2288,1540,2,2,73,19.4,8,1,0,6836,211600
2289,1480,3,2,55,15.0,4,2,0,6640,246200
2290,2134,4,3,14,30.7,4,1,0,12161,252200
2291,1639,3,3,15,23.7,2,1,0,9248,193600
2292,1408,1,1,62,13.4,5,2,0,4247,182300
2293,2953,5,3,60,5.9,6,0,0,11809,535200
2294,771,1,2,69,2.9,4,1,0,2426,193900
2295,2182,3,2,6,22.7,9,0,1,9471,325500
2296,1995,3,2,59,17.1,5,0,0,7279,247100
2297,1925,4,3,67,10.2,4,2,0,8255,315500
2298,1774,4,3,56,3.0,5,2,0,6494,394200
2299,1869,3,2,38,6.6,6,1,0,5944,386800
2300,2434,4,3,76,3.3,7,2,1,7503,620100
2301,2372,4,3,56,21.6,9,2,1,8650,340500
2302,2107,4,3,28,2.3,9,2,0,5868,532000
2303,2413,3,2,6,11.1,6,2,0,7626,411400
2304,1099,3,2,65,24.4,7,3,0,7199,173100
2305,2222,4,3,11,22.4,9,1,0,7811,330300
2306,2746,5,4,60,10.6,7,3,1,9803,474300
2307,875,2,1,38,4.5,7,1,0,1960,200800
2308,450,1,1,26,12.8,9,2,0,3651,118700
2309,913,1,1,32,1.0,3,1,0,1734,200200
2310,1700,2,1,4,19.6,5,1,1,7789,258600
2311,1871,3,3,57,21.9,9,2,0,6973,288200
2312,2234,4,3,36,6.9,7,2,0,5010,439100
2313,2496,4,2,53,1.6,5,2,0,5572,514000
2314,2915,5,3,47,7.6,7,2,0,11285,544700
2315,1433,2,1,56,7.1,4,2,1,6590,282800
2316,3315,5,3,54,3.6,4,3,0,8037,661300
2317,1892,3,3,8,1.3,5,1,0,4053,465400
2318,1404,1,1,31,0.6,6,1,0,2829,304100
2319,1752,4,3,4,3.2,9,2,1,4490,567400
2320,1668,3,2,55,37.8,5,2,0,12949,200800
2321,2433,4,3,76,5.1,4,1,0,9854,424700
2322,2633,5,3,33,0.6,7,1,0,5006,724500
2323,2202,4,3,62,4.5,8,1,1,4910,561100
2324,1834,3,2,73,29.3,6,1,0,10359,239000
2325,1432,2,2,73,35.1,6,2,0,9283,169900
2326,2016,3,2,52,0.9,6,1,0,7215,495500
2327,2128,3,2,39,11.7,6,0,0,8678,351100
2328,454,1,1,47,28.0,7,3,0,6610,93800
2329,3206,6,4,39,24.3,6,2,0,14855,394800
2330,2040,3,2,41,0.6,6,2,0,5352,475400
2331,565,1,1,6,23.0,3,1,0,5102,111900
2332,1901,3,2,38,3.0,6,1,0,3353,396200
2333,2383,4,3,62,5.0,7,3,0,5894,520700
2334,1129,1,1,44,24.8,5,1,0,8144,125900
2335,2281,3,2,35,0.9,7,2,0,7059,614900
2336,2797,4,3,47,10.7,2,2,0,6943,372100
2337,2763,4,3,57,29.7,6,1,0,9732,272900
2338,2150,5,3,38,11.8,5,2,0,8004,342100
2339,1976,3,2,49,0.7,7,1,0,6996,458900
2340,731,1,1,27,2.4,5,1,0,2864,199300
2341,2429,4,3,73,19.2,5,2,0,10641,278500
2342,1597,2,2,71,2.4,3,3,1,3774,368500
2343,1885,3,3,36,2.1,4,3,0,4044,444700
2344,1629,3,2,83,8.2,7,2,0,7247,329900
2345,1350,1,1,2,12.3,6,2,0,5910,242100
2346,1254,2,1,68,17.2,4,1,0,4904,157300
2347,1470,3,2,15,29.2,7,1,0,7400,198100
2348,1506,3,3,43,2.4,6,1,0,6020,376300
2349,2829,5,3,56,21.3,6,1,0,8177,368500
2350,1830,3,2,10,35.5,10,2,0,11617,258800
2351,2045,3,2,5,35.7,5,1,0,10263,250800
2352,1381,3,2,68,38.3,9,2,1,9308,199300
2353,2912,4,3,77,25.4,7,0,0,14042,333300
2354,2217,4,3,71,13.1,8,2,0,5526,376000
2355,2134,5,2,18,26.6,7,1,0,9466,264300
2356,3370,6,3,84,9.6,7,3,0,13579,621500
2357,2577,4,3,77,30.3,6,0,1,14049,286800
2358,969,2,1,53,36.8,7,1,0,9221,128300
2359,1165,2,1,11,0.7,6,0,0,4503,335200
2360,2228,5,3,26,23.0,4,1,0,7577,255700
2361,1194,2,1,75,19.4,6,1,0,6913,172400
2362,1364,2,2,58,15.2,5,2,0,6492,214100
2363,2798,5,3,3,4.8,8,2,0,7814,679100
2364,757,1,1,66,12.8,4,0,0,5137,100300
2365,1756,3,2,48,13.6,6,1,0,6960,274700
2366,2028,4,3,69,29.1,3,2,0,9577,199000
2367,3098,6,4,56,5.6,6,1,0,7486,545800
2368,1811,3,2,39,34.2,4,1,0,8635,189200
2369,2067,4,2,36,14.4,4,2,0,6502,296900
2370,704,1,1,45,21.4,4,1,0,4928,92300
2371,791,2,2,24,4.5,7,2,0,2870,236900
2372,2068,4,3,13,19.8,5,1,0,7601,301100
2373,1606,3,2,23,7.9,6,1,0,3930,294700
2374,3238,5,4,51,3.9,8,2,0,8051,703800
2375,2811,4,2,43,25.1,8,2,0,14315,347600
2376,2605,4,2,84,28.6,5,2,1,13694,305700
2377,2198,3,2,47,27.7,7,1,0,13181,275400
2378,1773,3,2,50,23.9,8,2,0,9923,248200
2379,1728,3,2,68,16.2,10,3,0,9278,291800
2380,2179,4,3,83,23.8,8,2,0,9700,284000
2381,2041,3,2,26,3.1,7,1,0,3970,448300
2382,1371,2,1,69,23.2,6,1,0,7776,172400
2383,1438,2,2,0,23.6,4,2,0,8730,225200
2384,2395,5,4,74,2.9,6,1,1,3978,493100
2385,2023,3,2,76,16.9,6,1,0,9161,289800
2386,2912,4,2,34,15.6,6,2,0,12511,419900
2387,2092,4,4,31,3.6,5,2,0,3588,505500
2388,1958,3,1,20,24.4,8,1,0,8537,259700
2389,2040,2,1,9,19.5,9,1,0,8713,290700
2390,1532,4,3,54,9.7,6,2,0,5275,249800
2391,3023,4,3,38,20.0,4,3,0,13293,333700
2392,1774,3,3,29,5.3,6,1,0,7444,360700
2393,1676,3,2,1,33.7,6,2,0,9860,240100
2394,1976,3,2,8,20.1,6,1,0,9030,281000
2395,1515,3,2,75,19.6,7,1,0,5829,233200
2396,2312,4,2,55,15.5,6,1,1,8374,330400
2397,950,2,1,56,5.0,7,1,0,4103,205900
2398,2389,4,2,84,9.3,5,1,0,8793,408200
2399,1418,2,2,24,5.1,6,2,0,4478,337200
2400,2067,3,2,22,3.6,7,2,1,4969,510700
2401,2483,4,3,84,7.6,5,0,0,8691,430600
2402,654,1,1,61,0.9,5,3,0,1472,185000
2403,1963,3,2,25,2.3,5,1,0,4205,486000
2404,1200,3,2,84,1.5,4,2,0,3345,274400
2405,1656,3,3,52,26.8,6,1,0,8260,234700
2406,1417,3,2,51,3.7,3,0,0,3640,248100
2407,2090,4,2,33,37.5,7,2,0,11127,265600
2408,1304,2,2,68,15.7,6,2,0,5138,184300
2409,1726,3,2,71,3.1,5,2,0,6626,366400
2410,1691,3,2,58,15.4,3,2,0,5281,233200
2411,1951,3,1,24,18.4,7,3,0,6086,266400
2412,2725,5,3,4,2.8,6,1,0,8392,648100
2413,1898,3,2,21,5.7,5,1,0,5017,351500
2414,962,1,2,59,33.2,6,0,1,7651,134400
2415,1024,1,1,15,27.9,6,1,0,6898,134700
2416,1646,2,2,45,6.8,7,2,0,3784,327300
2417,2623,6,3,25,38.1,5,2,0,11473,286700
2418,1296,2,1,63,28.1,5,1,0,9409,147000
2419,2424,4,2,54,1.4,5,2,0,3695,513900
2420,1724,3,2,36,4.8,8,2,0,3579,352700
2421,1263,1,1,81,9.0,10,2,0,5616,249900
2422,1514,3,2,30,15.6,2,3,0,5622,181600
2423,1526,3,2,18,18.6,8,0,0,9028,249900
2424,1205,2,2,28,36.5,4,3,0,9963,169300
2425,1721,2,2,6,14.7,3,1,1,5433,268400
2426,1691,3,2,60,4.3,5,2,0,6293,320000
2427,1432,2,1,37,12.4,6,2,0,5283,241000
2428,1952,2,1,61,16.1,7,0,0,10002,261900
2429,1663,2,2,29,11.4,6,2,0,6752,275700
2430,1616,2,1,54,9.8,6,2,1,5264,297700
2431,517,1,1,29,33.6,7,2,0,6979,94100
2432,2668,4,3,68,5.8,3,3,0,7711,412200
2433,2922,4,4,47,0.5,7,2,0,6322,699700
2434,678,1,1,63,20.2,5,0,0,5252,85900
2435,2512,4,3,8,20.4,5,1,1,8053,373500
2436,1335,1,1,4,36.0,8,3,0,10127,198900
2437,2839,5,4,16,15.5,6,2,0,7436,463300
2438,1278,2,1,35,38.3,6,2,0,10629,142100
2439,1170,2,2,26,6.1,7,0,0,4719,257800
2440,2762,4,2,22,10.7,7,1,0,6129,444200
2441,1708,2,1,14,5.0,6,0,0,6796,351700
2442,1488,3,2,66,34.4,9,1,1,10767,207000
2443,2090,3,1,84,0.8,4,2,0,3292,410000
2444,1528,3,2,73,2.3,7,1,0,2469,381400
2445,1462,2,2,9,7.8,5,2,0,6328,285600
2446,1742,3,2,64,33.2,5,0,1,12590,199300
2447,3364,5,4,4,7.2,8,0,1,7314,706400
2448,2213,4,2,46,27.9,4,1,0,10165,237300
2449,2712,4,3,25,13.4,6,0,0,7175,392800
2450,894,1,1,31,4.6,7,1,0,3059,234000
2451,1315,2,2,21,27.6,8,2,0,8650,200000
2452,1589,3,3,76,37.2,9,1,0,9078,212500
2453,2195,4,2,22,3.6,6,1,0,8934,448800
2454,1926,4,4,59,7.7,7,2,0,4899,388300
2455,1991,2,2,82,9.2,4,3,0,5247,313100
2456,2117,3,2,6,2.1,7,2,0,4494,564600
2457,2891,4,2,11,14.1,6,1,0,6672,445200
2458,450,1,1,10,28.0,8,0,1,6082,105400
2459,1623,2,2,85,18.7,8,3,0,7579,275100
2460,2356,4,2,37,2.3,6,2,0,6427,511500
2461,1782,2,2,11,7.8,8,2,0,5527,396300
2462,1323,2,2,40,4.6,7,0,0,2603,297800
2463,897,2,1,14,37.8,7,0,0,9261,114000
2464,2656,4,4,30,24.3,5,2,0,8722,317600
2465,2241,5,3,63,11.4,5,1,0,9482,324500
2466,2345,4,3,52,24.2,8,1,0,9766,315900
2467,2939,4,4,61,15.4,8,2,0,9347,431700
2468,1188,2,2,19,8.8,3,2,0,4344,225700
2469,1331,2,2,5,11.5,4,2,0,6320,244100
2470,1913,3,2,58,7.5,10,1,0,6903,417400
2471,1486,2,1,34,19.9,4,1,1,6230,189600
2472,1055,2,1,16,15.3,4,3,0,4640,165200
2473,1142,2,1,76,11.4,6,1,0,5072,187300
2474,893,1,1,8,11.9,6,1,0,5164,177500
2475,2069,3,3,31,12.3,5,2,1,9879,390900
2476,1139,1,1,6,31.9,5,1,0,7335,125900
2477,2637,4,4,57,5.6,7,1,1,7517,579000
2478,2012,3,3,48,6.8,6,1,0,6791,323600
2479,673,2,1,34,18.8,7,1,0,5587,110200
2480,1260,1,1,33,5.1,6,3,0,4244,257600
2481,2646,5,4,42,13.5,6,2,0,8916,409400
2482,1972,2,2,33,0.8,7,2,1,5027,553800
2483,2714,4,3,2,33.1,5,3,1,14607,325600
2484,2893,4,3,65,35.8,5,1,1,14844,281800
2485,3229,5,3,37,24.6,5,1,0,14914,354900
2486,1166,3,2,52,2.9,5,0,0,4359,263000
2487,1717,2,2,74,8.2,6,1,0,7879,302100
2488,2451,5,2,30,13.8,7,1,0,6713,378200
2489,944,1,2,53,2.0,5,2,0,3118,252900
2490,1333,2,2,1,28.0,5,2,0,10085,185900
2491,1735,3,2,45,15.7,6,2,0,7130,273900
2492,1690,3,2,24,32.9,8,2,0,10010,259600
2493,1572,3,2,61,29.0,5,3,1,9559,194500
2494,1352,2,2,58,26.2,5,2,0,9647,183000
2495,3156,6,4,43,8.6,8,2,0,11464,554900
2496,1579,3,2,56,6.6,9,1,0,6744,326400
2497,1958,3,3,38,15.8,3,2,0,8852,247100
2498,2133,4,3,34,28.2,5,1,0,12021,252100
2499,1498,4,3,64,6.6,4,0,0,4781,292300
2500,2226,3,1,83,26.1,6,3,0,8958,273300
